{
  "type": "FeatureCollection",
  "features": [
    {
      "type": "Feature",
      "properties": {
        "id": "hwy4-angels-murphys",
        "name": "Hwy 4 — Angels Camp to Murphys"
      },
      "geometry": {
        "coordinates": [
          [
            -120.54006,
            38.0675
          ],
          [
            -120.54015,
            38.06759
          ],
          [
            -120.54017,
            38.06779
          ],
          [
            -120.54014000000001,
            38.06788
          ],
          [
            -120.53994,
            38.06804
          ],
          [
            -120.53952,
            38.067400000000006
          ],
          [
            -120.53943,
            38.067170000000004
          ],
          [
            -120.53938,
            38.06694
          ],
          [
            -120.53929,
            38.066860000000005
          ],
          [
            -120.53926999999999,
            38.0671
          ],
          [
            -120.53926999999999,
            38.067330000000005
          ],
          [
            -120.53930999999999,
            38.0675
          ],
          [
            -120.53939999999999,
            38.067750000000004
          ],
          [
            -120.53934999999998,
            38.06799
          ],
          [
            -120.53932999999998,
            38.06805
          ],
          [
            -120.53907999999998,
            38.0682
          ],
          [
            -120.53914999999998,
            38.06829
          ],
          [
            -120.53892999999998,
            38.068279999999994
          ],
          [
            -120.53870999999998,
            38.06824999999999
          ],
          [
            -120.53849999999998,
            38.06826999999999
          ],
          [
            -120.53826999999998,
            38.06834999999999
          ],
          [
            -120.53811999999998,
            38.06844999999999
          ],
          [
            -120.53792999999997,
            38.06870999999999
          ],
          [
            -120.53770999999998,
            38.06909999999999
          ],
          [
            -120.53757999999998,
            38.06943999999999
          ],
          [
            -120.53752999999998,
            38.06971999999999
          ],
          [
            -120.53754999999998,
            38.07005999999999
          ],
          [
            -120.53764999999999,
            38.07052999999999
          ],
          [
            -120.53784999999999,
            38.07115999999999
          ],
          [
            -120.53796,
            38.07158999999999
          ],
          [
            -120.53797,
            38.072019999999995
          ],
          [
            -120.53789,
            38.07243999999999
          ],
          [
            -120.53776,
            38.072739999999996
          ],
          [
            -120.53750000000001,
            38.07313
          ],
          [
            -120.53729000000001,
            38.07336
          ],
          [
            -120.53686000000002,
            38.07368
          ],
          [
            -120.53521000000002,
            38.07477
          ],
          [
            -120.53347000000002,
            38.07594
          ],
          [
            -120.53257000000002,
            38.076460000000004
          ],
          [
            -120.52980000000002,
            38.077870000000004
          ],
          [
            -120.52935000000002,
            38.078010000000006
          ],
          [
            -120.52844000000002,
            38.07817000000001
          ],
          [
            -120.52754000000002,
            38.07831000000001
          ],
          [
            -120.52734000000001,
            38.078390000000006
          ],
          [
            -120.52712000000001,
            38.07853000000001
          ],
          [
            -120.52700000000002,
            38.078660000000006
          ],
          [
            -120.52693000000002,
            38.078860000000006
          ],
          [
            -120.52692000000002,
            38.07918000000001
          ],
          [
            -120.52537000000002,
            38.07952000000001
          ],
          [
            -120.52264000000002,
            38.08010000000001
          ],
          [
            -120.52257000000003,
            38.08013000000001
          ],
          [
            -120.51872000000003,
            38.08093000000001
          ],
          [
            -120.51822000000003,
            38.08107000000001
          ],
          [
            -120.51763000000003,
            38.08132000000001
          ],
          [
            -120.51722000000002,
            38.08154000000001
          ],
          [
            -120.51639000000003,
            38.08208000000001
          ],
          [
            -120.51250000000003,
            38.084730000000015
          ],
          [
            -120.51088000000003,
            38.085850000000015
          ],
          [
            -120.50817000000004,
            38.087730000000015
          ],
          [
            -120.50720000000004,
            38.088380000000015
          ],
          [
            -120.50644000000004,
            38.08891000000001
          ],
          [
            -120.50493000000004,
            38.08993000000001
          ],
          [
            -120.50319000000005,
            38.09113000000001
          ],
          [
            -120.50274000000005,
            38.09140000000001
          ],
          [
            -120.50219000000004,
            38.09165000000001
          ],
          [
            -120.50173000000004,
            38.091800000000006
          ],
          [
            -120.50044000000004,
            38.09205000000001
          ],
          [
            -120.49282000000004,
            38.09342000000001
          ],
          [
            -120.49208000000004,
            38.09351000000001
          ],
          [
            -120.49129000000005,
            38.09354000000001
          ],
          [
            -120.48638000000005,
            38.09343000000001
          ],
          [
            -120.48564000000006,
            38.09340000000001
          ],
          [
            -120.48228000000006,
            38.09335000000001
          ],
          [
            -120.48156000000006,
            38.09331000000001
          ],
          [
            -120.48107000000006,
            38.09322000000001
          ],
          [
            -120.48063000000006,
            38.09310000000001
          ],
          [
            -120.48025000000005,
            38.092940000000006
          ],
          [
            -120.47976000000006,
            38.092650000000006
          ],
          [
            -120.47757000000006,
            38.09107000000001
          ],
          [
            -120.47724000000005,
            38.09089000000001
          ],
          [
            -120.47680000000005,
            38.09072000000001
          ],
          [
            -120.47631000000005,
            38.09059000000001
          ],
          [
            -120.47606000000006,
            38.090550000000015
          ],
          [
            -120.47551000000006,
            38.090510000000016
          ],
          [
            -120.47513000000005,
            38.090530000000015
          ],
          [
            -120.47468000000005,
            38.090600000000016
          ],
          [
            -120.47420000000005,
            38.09074000000002
          ],
          [
            -120.47373000000005,
            38.09094000000002
          ],
          [
            -120.47336000000004,
            38.091160000000016
          ],
          [
            -120.47297000000005,
            38.091490000000015
          ],
          [
            -120.47281000000005,
            38.091670000000015
          ],
          [
            -120.47248000000005,
            38.092120000000016
          ],
          [
            -120.47235000000005,
            38.092410000000015
          ],
          [
            -120.47172000000005,
            38.09519000000002
          ],
          [
            -120.47152000000004,
            38.09623000000002
          ],
          [
            -120.47142000000004,
            38.09681000000002
          ],
          [
            -120.47121000000004,
            38.09763000000002
          ],
          [
            -120.47097000000004,
            38.098270000000014
          ],
          [
            -120.46983000000003,
            38.100600000000014
          ],
          [
            -120.46950000000002,
            38.101270000000014
          ],
          [
            -120.46916000000003,
            38.101770000000016
          ],
          [
            -120.46863000000003,
            38.102440000000016
          ],
          [
            -120.46823000000003,
            38.10285000000002
          ],
          [
            -120.46560000000004,
            38.105280000000015
          ],
          [
            -120.46431000000004,
            38.10639000000001
          ],
          [
            -120.46157000000004,
            38.10867000000001
          ],
          [
            -120.45908000000004,
            38.11068000000001
          ],
          [
            -120.45596000000005,
            38.11328000000001
          ],
          [
            -120.45436000000005,
            38.11460000000001
          ],
          [
            -120.45397000000006,
            38.11500000000001
          ],
          [
            -120.45356000000005,
            38.11549000000001
          ],
          [
            -120.45328000000005,
            38.11589000000001
          ],
          [
            -120.45297000000005,
            38.11641000000001
          ],
          [
            -120.45272000000006,
            38.11698000000001
          ],
          [
            -120.45034000000005,
            38.12277000000001
          ],
          [
            -120.45020000000005,
            38.12332000000001
          ],
          [
            -120.45016000000005,
            38.123760000000004
          ],
          [
            -120.45018000000006,
            38.12422
          ],
          [
            -120.45031000000006,
            38.124810000000004
          ],
          [
            -120.45046000000006,
            38.125220000000006
          ],
          [
            -120.45070000000007,
            38.125640000000004
          ],
          [
            -120.45114000000007,
            38.12623000000001
          ],
          [
            -120.45292000000006,
            38.12825000000001
          ],
          [
            -120.45314000000006,
            38.12856000000001
          ],
          [
            -120.45384000000006,
            38.12977000000001
          ],
          [
            -120.45430000000006,
            38.13092000000001
          ],
          [
            -120.45504000000005,
            38.132900000000014
          ],
          [
            -120.45553000000005,
            38.134140000000016
          ],
          [
            -120.45655000000005,
            38.136370000000014
          ],
          [
            -120.45670000000005,
            38.136840000000014
          ],
          [
            -120.45674000000005,
            38.13728000000001
          ],
          [
            -120.45672000000005,
            38.13769000000001
          ],
          [
            -120.45663000000005,
            38.138100000000016
          ],
          [
            -120.45646000000005,
            38.13854000000001
          ],
          [
            -120.45617000000004,
            38.13901000000001
          ],
          [
            -120.45607000000004,
            38.13907000000001
          ],
          [
            -120.45614000000003,
            38.13911000000001
          ]
        ],
        "type": "LineString"
      }
    },
    {
      "type": "Feature",
      "properties": {
        "id": "hwy4-murphys-arnold",
        "name": "Hwy 4 — Murphys to Arnold"
      },
      "geometry": {
        "coordinates": [
          [
            -120.45614,
            38.13911
          ],
          [
            -120.45607000000001,
            38.139070000000004
          ],
          [
            -120.45565,
            38.13951
          ],
          [
            -120.45536,
            38.13975
          ],
          [
            -120.45447,
            38.14032
          ],
          [
            -120.45397,
            38.14063
          ],
          [
            -120.45336,
            38.14106
          ],
          [
            -120.45325,
            38.141180000000006
          ],
          [
            -120.45259,
            38.14173
          ],
          [
            -120.45239,
            38.14193
          ],
          [
            -120.45151,
            38.14296
          ],
          [
            -120.45108,
            38.14345
          ],
          [
            -120.45056000000001,
            38.14408
          ],
          [
            -120.44998000000001,
            38.14491
          ],
          [
            -120.44938,
            38.14589
          ],
          [
            -120.44926000000001,
            38.14603
          ],
          [
            -120.44912000000001,
            38.14616
          ],
          [
            -120.44894000000001,
            38.146300000000004
          ],
          [
            -120.44873000000001,
            38.14641
          ],
          [
            -120.44796000000001,
            38.146770000000004
          ],
          [
            -120.44769000000001,
            38.14696000000001
          ],
          [
            -120.44650000000001,
            38.14802000000001
          ],
          [
            -120.44629000000002,
            38.148300000000006
          ],
          [
            -120.44602000000002,
            38.148740000000004
          ],
          [
            -120.44579000000002,
            38.148970000000006
          ],
          [
            -120.44510000000001,
            38.149420000000006
          ],
          [
            -120.44476000000002,
            38.149730000000005
          ],
          [
            -120.44441000000002,
            38.15019
          ],
          [
            -120.44415000000002,
            38.150400000000005
          ],
          [
            -120.44385000000003,
            38.15055
          ],
          [
            -120.44355000000003,
            38.150650000000006
          ],
          [
            -120.44321000000004,
            38.150690000000004
          ],
          [
            -120.44263000000004,
            38.150710000000004
          ],
          [
            -120.44229000000004,
            38.15077
          ],
          [
            -120.44185000000004,
            38.15094
          ],
          [
            -120.44133000000005,
            38.15119
          ],
          [
            -120.44101000000005,
            38.15142
          ],
          [
            -120.44080000000005,
            38.15164
          ],
          [
            -120.44022000000005,
            38.1524
          ],
          [
            -120.43960000000006,
            38.15298
          ],
          [
            -120.43921000000006,
            38.15331
          ],
          [
            -120.43867000000006,
            38.153679999999994
          ],
          [
            -120.43848000000006,
            38.15389
          ],
          [
            -120.43835000000006,
            38.154129999999995
          ],
          [
            -120.43829000000005,
            38.15447999999999
          ],
          [
            -120.43828000000005,
            38.154999999999994
          ],
          [
            -120.43827000000005,
            38.155449999999995
          ],
          [
            -120.43819000000005,
            38.15568999999999
          ],
          [
            -120.43801000000005,
            38.15594999999999
          ],
          [
            -120.43777000000004,
            38.15614999999999
          ],
          [
            -120.43754000000004,
            38.15631999999999
          ],
          [
            -120.43734000000003,
            38.15654999999999
          ],
          [
            -120.43720000000003,
            38.15678999999999
          ],
          [
            -120.43679000000003,
            38.15824999999999
          ],
          [
            -120.43672000000004,
            38.15865999999999
          ],
          [
            -120.43672000000004,
            38.15946999999999
          ],
          [
            -120.43664000000004,
            38.159859999999995
          ],
          [
            -120.43654000000004,
            38.16036
          ],
          [
            -120.43655000000004,
            38.16068
          ],
          [
            -120.43689000000003,
            38.16211
          ],
          [
            -120.43689000000003,
            38.16245
          ],
          [
            -120.43684000000003,
            38.162729999999996
          ],
          [
            -120.43666000000003,
            38.16307
          ],
          [
            -120.43639000000003,
            38.163399999999996
          ],
          [
            -120.43606000000003,
            38.16372
          ],
          [
            -120.43579000000003,
            38.1639
          ],
          [
            -120.43547000000002,
            38.16401
          ],
          [
            -120.43511000000002,
            38.164069999999995
          ],
          [
            -120.43457000000002,
            38.164109999999994
          ],
          [
            -120.43423000000003,
            38.16418999999999
          ],
          [
            -120.43368000000002,
            38.16438999999999
          ],
          [
            -120.43291000000002,
            38.16468999999999
          ],
          [
            -120.43158000000003,
            38.165139999999994
          ],
          [
            -120.43119000000003,
            38.16524
          ],
          [
            -120.43086000000002,
            38.165259999999996
          ],
          [
            -120.43052000000003,
            38.165229999999994
          ],
          [
            -120.43009000000004,
            38.16512999999999
          ],
          [
            -120.42928000000003,
            38.16489999999999
          ],
          [
            -120.42877000000003,
            38.16483999999999
          ],
          [
            -120.42841000000003,
            38.164849999999994
          ],
          [
            -120.42793000000003,
            38.16490999999999
          ],
          [
            -120.42713000000003,
            38.16505999999999
          ],
          [
            -120.42673000000003,
            38.16507999999999
          ],
          [
            -120.42400000000004,
            38.16495999999999
          ],
          [
            -120.42350000000003,
            38.16496999999999
          ],
          [
            -120.42311000000004,
            38.16500999999999
          ],
          [
            -120.42186000000004,
            38.16525999999999
          ],
          [
            -120.42136000000004,
            38.16538999999999
          ],
          [
            -120.41961000000003,
            38.16597999999999
          ],
          [
            -120.41666000000004,
            38.167019999999994
          ],
          [
            -120.41618000000004,
            38.167249999999996
          ],
          [
            -120.41565000000004,
            38.167559999999995
          ],
          [
            -120.41517000000005,
            38.16792999999999
          ],
          [
            -120.41489000000004,
            38.16815999999999
          ],
          [
            -120.41474000000004,
            38.16824999999999
          ],
          [
            -120.41385000000004,
            38.168969999999995
          ],
          [
            -120.41343000000003,
            38.16922999999999
          ],
          [
            -120.41273000000004,
            38.16957999999999
          ],
          [
            -120.41018000000004,
            38.17052999999999
          ],
          [
            -120.40950000000004,
            38.17074999999999
          ],
          [
            -120.40889000000004,
            38.17089999999999
          ],
          [
            -120.40780000000004,
            38.17103999999999
          ],
          [
            -120.40676000000003,
            38.17115999999999
          ],
          [
            -120.40618000000003,
            38.17128999999999
          ],
          [
            -120.40575000000004,
            38.171429999999994
          ],
          [
            -120.40541000000005,
            38.17157999999999
          ],
          [
            -120.40399000000005,
            38.17230999999999
          ],
          [
            -120.40343000000006,
            38.172569999999986
          ],
          [
            -120.40290000000006,
            38.172769999999986
          ],
          [
            -120.40231000000006,
            38.17291999999998
          ],
          [
            -120.40177000000006,
            38.172989999999984
          ],
          [
            -120.40122000000005,
            38.173009999999984
          ],
          [
            -120.39765000000006,
            38.173009999999984
          ],
          [
            -120.39733000000005,
            38.173039999999986
          ],
          [
            -120.39693000000005,
            38.17311999999998
          ],
          [
            -120.39660000000005,
            38.173239999999986
          ],
          [
            -120.39623000000005,
            38.17342999999999
          ],
          [
            -120.39567000000005,
            38.17382999999999
          ],
          [
            -120.39435000000005,
            38.17478999999999
          ],
          [
            -120.39377000000005,
            38.17514999999999
          ],
          [
            -120.39138000000004,
            38.17636999999999
          ],
          [
            -120.39071000000004,
            38.17667999999999
          ],
          [
            -120.39001000000005,
            38.17693999999999
          ],
          [
            -120.38938000000005,
            38.177109999999985
          ],
          [
            -120.38922000000005,
            38.17711999999999
          ],
          [
            -120.38739000000005,
            38.177469999999985
          ],
          [
            -120.38487000000005,
            38.178009999999986
          ],
          [
            -120.38479000000005,
            38.178049999999985
          ],
          [
            -120.38291000000005,
            38.17841999999998
          ],
          [
            -120.38248000000006,
            38.17857999999998
          ],
          [
            -120.38218000000006,
            38.17872999999998
          ],
          [
            -120.38196000000006,
            38.17889999999998
          ],
          [
            -120.38173000000006,
            38.179159999999975
          ],
          [
            -120.38157000000007,
            38.179429999999975
          ],
          [
            -120.38148000000007,
            38.17963999999998
          ],
          [
            -120.38103000000007,
            38.18107999999998
          ],
          [
            -120.38087000000007,
            38.18135999999998
          ],
          [
            -120.38060000000007,
            38.18165999999998
          ],
          [
            -120.38029000000007,
            38.18190999999998
          ],
          [
            -120.37996000000007,
            38.18208999999998
          ],
          [
            -120.37960000000007,
            38.18221999999998
          ],
          [
            -120.37748000000006,
            38.18289999999998
          ],
          [
            -120.37701000000006,
            38.183109999999985
          ],
          [
            -120.37658000000006,
            38.183379999999985
          ],
          [
            -120.37426000000006,
            38.185259999999985
          ],
          [
            -120.37300000000006,
            38.186269999999986
          ],
          [
            -120.37269000000006,
            38.186469999999986
          ],
          [
            -120.37240000000006,
            38.186599999999984
          ],
          [
            -120.37197000000006,
            38.186709999999984
          ],
          [
            -120.37166000000006,
            38.18674999999998
          ],
          [
            -120.37133000000006,
            38.18673999999998
          ],
          [
            -120.37001000000005,
            38.18662999999998
          ],
          [
            -120.36957000000005,
            38.18663999999998
          ],
          [
            -120.36924000000005,
            38.186709999999984
          ],
          [
            -120.36894000000005,
            38.18681999999998
          ],
          [
            -120.36864000000006,
            38.18699999999998
          ],
          [
            -120.36839000000006,
            38.18723999999998
          ],
          [
            -120.36791000000007,
            38.187919999999984
          ],
          [
            -120.36614000000007,
            38.190429999999985
          ],
          [
            -120.36422000000007,
            38.193139999999985
          ],
          [
            -120.36410000000008,
            38.193429999999985
          ],
          [
            -120.36407000000008,
            38.193719999999985
          ],
          [
            -120.36410000000008,
            38.193989999999985
          ],
          [
            -120.36419000000008,
            38.194259999999986
          ],
          [
            -120.36435000000007,
            38.19450999999999
          ],
          [
            -120.36538000000007,
            38.19565999999999
          ],
          [
            -120.36562000000008,
            38.19599999999999
          ],
          [
            -120.36615000000008,
            38.19696999999999
          ],
          [
            -120.36624000000008,
            38.197269999999996
          ],
          [
            -120.36625000000008,
            38.197579999999995
          ],
          [
            -120.36618000000009,
            38.197869999999995
          ],
          [
            -120.36598000000008,
            38.19826
          ],
          [
            -120.36577000000008,
            38.198679999999996
          ],
          [
            -120.36570000000009,
            38.198949999999996
          ],
          [
            -120.36570000000009,
            38.19925
          ],
          [
            -120.36577000000008,
            38.19952
          ],
          [
            -120.36591000000008,
            38.19981
          ],
          [
            -120.36609000000009,
            38.20005
          ],
          [
            -120.36642000000009,
            38.20034
          ],
          [
            -120.36860000000009,
            38.201829999999994
          ],
          [
            -120.36924000000009,
            38.202279999999995
          ],
          [
            -120.3695200000001,
            38.20253999999999
          ],
          [
            -120.3697100000001,
            38.20280999999999
          ],
          [
            -120.36983000000009,
            38.203149999999994
          ],
          [
            -120.36986000000009,
            38.20343999999999
          ],
          [
            -120.36982000000009,
            38.203779999999995
          ],
          [
            -120.36950000000009,
            38.20479999999999
          ],
          [
            -120.36855000000008,
            38.207809999999995
          ],
          [
            -120.36827000000008,
            38.208749999999995
          ],
          [
            -120.36821000000008,
            38.20909999999999
          ],
          [
            -120.36820000000007,
            38.209399999999995
          ],
          [
            -120.36827000000007,
            38.21001
          ],
          [
            -120.36838000000007,
            38.21044
          ],
          [
            -120.36895000000007,
            38.211819999999996
          ],
          [
            -120.36944000000007,
            38.21301999999999
          ],
          [
            -120.37085000000008,
            38.216339999999995
          ],
          [
            -120.37101000000007,
            38.216809999999995
          ],
          [
            -120.37108000000006,
            38.217189999999995
          ],
          [
            -120.37106000000006,
            38.21760999999999
          ],
          [
            -120.37096000000005,
            38.21806999999999
          ],
          [
            -120.37079000000006,
            38.21841999999999
          ],
          [
            -120.37058000000006,
            38.21873999999999
          ],
          [
            -120.36977000000006,
            38.21969999999999
          ],
          [
            -120.36959000000006,
            38.21994999999999
          ],
          [
            -120.36953000000005,
            38.21998999999999
          ],
          [
            -120.36938000000005,
            38.220249999999986
          ],
          [
            -120.36926000000005,
            38.220559999999985
          ],
          [
            -120.36913000000006,
            38.221119999999985
          ],
          [
            -120.36899000000005,
            38.22204999999998
          ],
          [
            -120.36899000000005,
            38.22210999999998
          ],
          [
            -120.36902000000005,
            38.22217999999998
          ],
          [
            -120.36895000000005,
            38.22269999999998
          ],
          [
            -120.36897000000006,
            38.22306999999998
          ],
          [
            -120.36906000000006,
            38.22339999999998
          ],
          [
            -120.36962000000005,
            38.22483999999998
          ],
          [
            -120.36968000000006,
            38.22519999999998
          ],
          [
            -120.36965000000006,
            38.22546999999998
          ],
          [
            -120.36907000000006,
            38.22798999999998
          ],
          [
            -120.36887000000006,
            38.228879999999975
          ],
          [
            -120.36883000000006,
            38.22917999999998
          ],
          [
            -120.36799000000006,
            38.23280999999998
          ],
          [
            -120.36787000000007,
            38.23310999999998
          ],
          [
            -120.36768000000006,
            38.23337999999998
          ],
          [
            -120.36740000000006,
            38.23368999999998
          ],
          [
            -120.36711000000005,
            38.233899999999984
          ],
          [
            -120.36598000000005,
            38.234569999999984
          ],
          [
            -120.36568000000005,
            38.23478999999998
          ],
          [
            -120.36547000000006,
            38.234999999999985
          ],
          [
            -120.36529000000006,
            38.235219999999984
          ],
          [
            -120.36505000000005,
            38.235689999999984
          ],
          [
            -120.36487000000005,
            38.23625999999999
          ],
          [
            -120.36465000000005,
            38.23673999999999
          ],
          [
            -120.36451000000005,
            38.23696999999999
          ],
          [
            -120.36428000000005,
            38.23724999999999
          ],
          [
            -120.36329000000005,
            38.23830999999999
          ],
          [
            -120.36310000000005,
            38.23855999999999
          ],
          [
            -120.36286000000004,
            38.238949999999996
          ],
          [
            -120.36198000000005,
            38.24077
          ],
          [
            -120.36112000000004,
            38.24241
          ],
          [
            -120.36098000000004,
            38.24266
          ],
          [
            -120.36077000000004,
            38.2432
          ],
          [
            -120.36061000000005,
            38.24376
          ],
          [
            -120.36024000000005,
            38.24546
          ],
          [
            -120.36005000000004,
            38.246120000000005
          ],
          [
            -120.35997000000005,
            38.24633000000001
          ],
          [
            -120.35971000000005,
            38.24721000000001
          ],
          [
            -120.35914000000005,
            38.24895000000001
          ],
          [
            -120.35900000000005,
            38.24929000000001
          ],
          [
            -120.35876000000005,
            38.24974000000001
          ],
          [
            -120.35856000000004,
            38.25006000000001
          ],
          [
            -120.35813000000005,
            38.25060000000001
          ],
          [
            -120.35770000000005,
            38.251030000000014
          ],
          [
            -120.35583000000005,
            38.25254000000002
          ],
          [
            -120.35398000000005,
            38.25400000000002
          ],
          [
            -120.35342000000006,
            38.25445000000002
          ],
          [
            -120.35318000000005,
            38.25462000000002
          ],
          [
            -120.35254000000005,
            38.25494000000002
          ],
          [
            -120.35133000000005,
            38.25542000000002
          ],
          [
            -120.34993000000004,
            38.25597000000002
          ],
          [
            -120.34928000000005,
            38.25621000000002
          ],
          [
            -120.34920000000005,
            38.256230000000016
          ],
          [
            -120.34896000000005,
            38.256230000000016
          ],
          [
            -120.34772000000005,
            38.25646000000002
          ],
          [
            -120.34729000000006,
            38.25659000000002
          ],
          [
            -120.34618000000006,
            38.256830000000015
          ],
          [
            -120.34435000000006,
            38.25718000000001
          ],
          [
            -120.34370000000007,
            38.25736000000001
          ],
          [
            -120.34335000000007,
            38.25751000000001
          ],
          [
            -120.34288000000006,
            38.25778000000001
          ],
          [
            -120.34250000000006,
            38.25803000000001
          ],
          [
            -120.34176000000006,
            38.25857000000001
          ],
          [
            -120.34018000000006,
            38.259720000000016
          ],
          [
            -120.33777000000006,
            38.261550000000014
          ],
          [
            -120.33738000000007,
            38.26188000000001
          ],
          [
            -120.33684000000007,
            38.26246000000001
          ],
          [
            -120.33652000000006,
            38.262870000000014
          ],
          [
            -120.33609000000007,
            38.26349000000001
          ],
          [
            -120.33576000000006,
            38.26385000000001
          ],
          [
            -120.33543000000006,
            38.26414000000001
          ],
          [
            -120.33507000000006,
            38.264370000000014
          ],
          [
            -120.33367000000005,
            38.265020000000014
          ]
        ],
        "type": "LineString"
      }
    },
    {
      "type": "Feature",
      "properties": {
        "id": "hwy4-arnold-bearvalley",
        "name": "Hwy 4 — Arnold to Bear Valley"
      },
      "geometry": {
        "coordinates": [
          [
            -120.33367,
            38.26502
          ],
          [
            -120.33318,
            38.265299999999996
          ],
          [
            -120.33264,
            38.265679999999996
          ],
          [
            -120.3323,
            38.26602
          ],
          [
            -120.33206,
            38.266349999999996
          ],
          [
            -120.33185,
            38.266769999999994
          ],
          [
            -120.33157,
            38.267579999999995
          ],
          [
            -120.33141,
            38.26781
          ],
          [
            -120.33119,
            38.26799
          ],
          [
            -120.33093000000001,
            38.2681
          ],
          [
            -120.33047,
            38.26824
          ],
          [
            -120.33022000000001,
            38.26837
          ],
          [
            -120.33008000000001,
            38.26849
          ],
          [
            -120.32975,
            38.26883
          ],
          [
            -120.32957,
            38.26894
          ],
          [
            -120.32935,
            38.26901
          ],
          [
            -120.32866,
            38.26905
          ],
          [
            -120.3281,
            38.26915
          ],
          [
            -120.32782,
            38.269130000000004
          ],
          [
            -120.32753,
            38.269040000000004
          ],
          [
            -120.32652,
            38.26859
          ],
          [
            -120.32629,
            38.268530000000005
          ],
          [
            -120.32603,
            38.26854000000001
          ],
          [
            -120.32579,
            38.26861000000001
          ],
          [
            -120.32561,
            38.26874000000001
          ],
          [
            -120.32529,
            38.269110000000005
          ],
          [
            -120.32511,
            38.26923000000001
          ],
          [
            -120.32491999999999,
            38.26930000000001
          ],
          [
            -120.32469999999999,
            38.26932000000001
          ],
          [
            -120.32405,
            38.26926000000001
          ],
          [
            -120.3238,
            38.26929000000001
          ],
          [
            -120.32317,
            38.269500000000015
          ],
          [
            -120.32284,
            38.26964000000002
          ],
          [
            -120.32262,
            38.269790000000015
          ],
          [
            -120.32252,
            38.269950000000016
          ],
          [
            -120.32243,
            38.270330000000016
          ],
          [
            -120.32233,
            38.27049000000002
          ],
          [
            -120.32212999999999,
            38.27065000000002
          ],
          [
            -120.32161999999998,
            38.27096000000002
          ],
          [
            -120.32141999999997,
            38.27114000000002
          ],
          [
            -120.32074999999998,
            38.27197000000002
          ],
          [
            -120.32032999999997,
            38.27244000000002
          ],
          [
            -120.32011999999997,
            38.272790000000015
          ],
          [
            -120.31997999999997,
            38.27303000000001
          ],
          [
            -120.31978999999997,
            38.27323000000001
          ],
          [
            -120.31950999999997,
            38.273420000000016
          ],
          [
            -120.31926999999996,
            38.273510000000016
          ],
          [
            -120.31888999999995,
            38.27359000000001
          ],
          [
            -120.31817999999996,
            38.273690000000016
          ],
          [
            -120.31782999999996,
            38.273780000000016
          ],
          [
            -120.31749999999995,
            38.27392000000002
          ],
          [
            -120.31697999999996,
            38.274180000000015
          ],
          [
            -120.31674999999996,
            38.27424000000001
          ],
          [
            -120.31648999999996,
            38.27424000000001
          ],
          [
            -120.31594999999996,
            38.274180000000015
          ],
          [
            -120.31564999999996,
            38.274220000000014
          ],
          [
            -120.31506999999996,
            38.274400000000014
          ],
          [
            -120.31465999999996,
            38.27446000000001
          ],
          [
            -120.31341999999997,
            38.27455000000001
          ],
          [
            -120.31295999999996,
            38.27455000000001
          ],
          [
            -120.31217999999996,
            38.274490000000014
          ],
          [
            -120.31173999999996,
            38.27452000000002
          ],
          [
            -120.31129999999996,
            38.27461000000002
          ],
          [
            -120.31091999999995,
            38.27475000000002
          ],
          [
            -120.31065999999996,
            38.27487000000002
          ],
          [
            -120.31043999999996,
            38.27501000000002
          ],
          [
            -120.31015999999995,
            38.27528000000002
          ],
          [
            -120.30994999999996,
            38.275550000000024
          ],
          [
            -120.30978999999996,
            38.27585000000003
          ],
          [
            -120.30969999999996,
            38.276160000000026
          ],
          [
            -120.30967999999996,
            38.27648000000003
          ],
          [
            -120.30969999999996,
            38.276650000000025
          ],
          [
            -120.30984999999997,
            38.277050000000024
          ],
          [
            -120.31004999999998,
            38.27742000000002
          ],
          [
            -120.31049999999998,
            38.27811000000002
          ],
          [
            -120.31058999999998,
            38.27841000000002
          ],
          [
            -120.31060999999998,
            38.27867000000002
          ],
          [
            -120.31054999999998,
            38.27899000000002
          ],
          [
            -120.31043999999997,
            38.27923000000002
          ],
          [
            -120.31021999999997,
            38.27950000000002
          ],
          [
            -120.30998999999997,
            38.27968000000002
          ],
          [
            -120.30810999999997,
            38.28075000000002
          ],
          [
            -120.30599999999997,
            38.28193000000002
          ],
          [
            -120.30528999999997,
            38.28240000000002
          ],
          [
            -120.30242999999997,
            38.28460000000002
          ],
          [
            -120.30191999999997,
            38.28502000000002
          ],
          [
            -120.30142999999997,
            38.28554000000002
          ],
          [
            -120.30088999999997,
            38.28616000000002
          ],
          [
            -120.30050999999996,
            38.28682000000002
          ],
          [
            -120.29943999999996,
            38.28871000000002
          ],
          [
            -120.29928999999996,
            38.289100000000026
          ],
          [
            -120.29912999999996,
            38.28985000000002
          ],
          [
            -120.29897999999996,
            38.290190000000024
          ],
          [
            -120.29869999999995,
            38.29056000000002
          ],
          [
            -120.29839999999996,
            38.29087000000002
          ],
          [
            -120.29799999999996,
            38.29114000000002
          ],
          [
            -120.29756999999996,
            38.29134000000002
          ],
          [
            -120.29714999999996,
            38.29146000000002
          ],
          [
            -120.29669999999996,
            38.29153000000002
          ],
          [
            -120.29599999999996,
            38.29155000000002
          ],
          [
            -120.29486999999996,
            38.29155000000002
          ],
          [
            -120.29433999999996,
            38.291600000000024
          ],
          [
            -120.29302999999996,
            38.29186000000002
          ],
          [
            -120.29020999999996,
            38.29251000000002
          ],
          [
            -120.28936999999996,
            38.29274000000002
          ],
          [
            -120.28764999999996,
            38.29330000000002
          ],
          [
            -120.28721999999996,
            38.29350000000002
          ],
          [
            -120.28699999999996,
            38.29363000000002
          ],
          [
            -120.28676999999996,
            38.293840000000024
          ],
          [
            -120.28654999999996,
            38.29414000000003
          ],
          [
            -120.28601999999997,
            38.295140000000025
          ],
          [
            -120.28575999999997,
            38.295500000000025
          ],
          [
            -120.28554999999997,
            38.295700000000025
          ],
          [
            -120.28519999999997,
            38.29593000000003
          ],
          [
            -120.28474999999997,
            38.29612000000003
          ],
          [
            -120.28247999999998,
            38.29700000000003
          ],
          [
            -120.28160999999997,
            38.29733000000003
          ],
          [
            -120.28128999999997,
            38.297520000000034
          ],
          [
            -120.28096999999997,
            38.29778000000003
          ],
          [
            -120.27987999999996,
            38.29880000000003
          ],
          [
            -120.27926999999997,
            38.299240000000026
          ],
          [
            -120.27726999999997,
            38.30053000000002
          ],
          [
            -120.27701999999998,
            38.300780000000024
          ],
          [
            -120.27683999999998,
            38.30102000000002
          ],
          [
            -120.27672999999997,
            38.301270000000024
          ],
          [
            -120.27667999999997,
            38.301520000000025
          ],
          [
            -120.27669999999998,
            38.301920000000024
          ],
          [
            -120.27696999999998,
            38.303110000000025
          ],
          [
            -120.27701999999998,
            38.303690000000024
          ],
          [
            -120.27696999999998,
            38.30424000000002
          ],
          [
            -120.27654999999997,
            38.30614000000002
          ],
          [
            -120.27653999999997,
            38.30647000000002
          ],
          [
            -120.27659999999997,
            38.30680000000002
          ],
          [
            -120.27674999999998,
            38.30707000000002
          ],
          [
            -120.27695999999997,
            38.30736000000002
          ],
          [
            -120.27770999999997,
            38.308200000000014
          ],
          [
            -120.27794999999998,
            38.308560000000014
          ],
          [
            -120.27806999999997,
            38.308850000000014
          ],
          [
            -120.27811999999997,
            38.309230000000014
          ],
          [
            -120.27809999999997,
            38.30951000000001
          ],
          [
            -120.27798999999996,
            38.30985000000001
          ],
          [
            -120.27786999999996,
            38.31009000000001
          ],
          [
            -120.27763999999996,
            38.31040000000001
          ],
          [
            -120.27730999999996,
            38.31069000000001
          ],
          [
            -120.27573999999996,
            38.31167000000001
          ],
          [
            -120.27499999999996,
            38.312050000000006
          ],
          [
            -120.27428999999997,
            38.312340000000006
          ],
          [
            -120.26951999999997,
            38.31401
          ],
          [
            -120.26892999999997,
            38.31420000000001
          ],
          [
            -120.26820999999997,
            38.31434000000001
          ],
          [
            -120.26757999999997,
            38.314400000000006
          ],
          [
            -120.26698999999996,
            38.31443000000001
          ],
          [
            -120.26638999999996,
            38.31453000000001
          ],
          [
            -120.26589999999996,
            38.31466000000001
          ],
          [
            -120.26541999999996,
            38.314850000000014
          ],
          [
            -120.26492999999996,
            38.315100000000015
          ],
          [
            -120.26457999999997,
            38.31534000000001
          ],
          [
            -120.26419999999996,
            38.31567000000001
          ],
          [
            -120.26391999999996,
            38.31598000000001
          ],
          [
            -120.26361999999996,
            38.31642000000001
          ],
          [
            -120.26310999999995,
            38.317530000000005
          ],
          [
            -120.26147999999995,
            38.321130000000004
          ],
          [
            -120.26123999999994,
            38.3215
          ],
          [
            -120.26096999999994,
            38.32182
          ],
          [
            -120.26060999999994,
            38.322120000000005
          ],
          [
            -120.26017999999995,
            38.322390000000006
          ],
          [
            -120.25977999999995,
            38.322570000000006
          ],
          [
            -120.25932999999995,
            38.32271000000001
          ],
          [
            -120.25884999999995,
            38.32280000000001
          ],
          [
            -120.25842999999995,
            38.32283000000001
          ],
          [
            -120.25789999999995,
            38.32281000000001
          ],
          [
            -120.25739999999995,
            38.32275000000001
          ],
          [
            -120.25525999999995,
            38.322310000000016
          ],
          [
            -120.25448999999995,
            38.32221000000001
          ],
          [
            -120.25375999999994,
            38.32218000000001
          ],
          [
            -120.25307999999994,
            38.32220000000001
          ],
          [
            -120.25255999999995,
            38.32225000000001
          ],
          [
            -120.25183999999994,
            38.322370000000014
          ],
          [
            -120.25121999999995,
            38.322530000000015
          ],
          [
            -120.25056999999995,
            38.32276000000002
          ],
          [
            -120.25000999999996,
            38.323020000000014
          ],
          [
            -120.24939999999997,
            38.323340000000016
          ],
          [
            -120.24483999999997,
            38.32617000000002
          ],
          [
            -120.24396999999996,
            38.32671000000002
          ],
          [
            -120.24336999999996,
            38.32707000000002
          ],
          [
            -120.24017999999995,
            38.32906000000002
          ],
          [
            -120.23634999999996,
            38.33142000000002
          ],
          [
            -120.23500999999996,
            38.33218000000002
          ],
          [
            -120.23405999999996,
            38.33264000000002
          ],
          [
            -120.23170999999995,
            38.33362000000002
          ],
          [
            -120.22987999999995,
            38.33440000000002
          ],
          [
            -120.22884999999995,
            38.33492000000002
          ],
          [
            -120.22804999999995,
            38.33539000000002
          ],
          [
            -120.22717999999995,
            38.33599000000002
          ],
          [
            -120.22247999999995,
            38.33969000000002
          ],
          [
            -120.22205999999994,
            38.339950000000016
          ],
          [
            -120.22168999999994,
            38.340130000000016
          ],
          [
            -120.22117999999993,
            38.34029000000002
          ],
          [
            -120.22076999999993,
            38.340370000000014
          ],
          [
            -120.22029999999992,
            38.34041000000001
          ],
          [
            -120.21968999999993,
            38.34039000000001
          ],
          [
            -120.21926999999992,
            38.340330000000016
          ],
          [
            -120.21874999999993,
            38.34020000000002
          ],
          [
            -120.21802999999993,
            38.33998000000002
          ],
          [
            -120.21758999999993,
            38.33990000000002
          ],
          [
            -120.21715999999994,
            38.33987000000002
          ],
          [
            -120.21671999999994,
            38.33991000000002
          ],
          [
            -120.21627999999994,
            38.34000000000002
          ],
          [
            -120.21585999999994,
            38.340150000000015
          ],
          [
            -120.21545999999994,
            38.340350000000015
          ],
          [
            -120.21509999999994,
            38.34063000000001
          ],
          [
            -120.21479999999994,
            38.340950000000014
          ],
          [
            -120.21460999999994,
            38.34125000000002
          ],
          [
            -120.21447999999994,
            38.341600000000014
          ],
          [
            -120.21440999999994,
            38.34204000000001
          ],
          [
            -120.21428999999995,
            38.34437000000001
          ],
          [
            -120.21419999999995,
            38.34490000000001
          ],
          [
            -120.21408999999994,
            38.34530000000001
          ],
          [
            -120.21384999999994,
            38.34589000000001
          ],
          [
            -120.21353999999994,
            38.34642000000001
          ],
          [
            -120.21292999999994,
            38.34742000000001
          ],
          [
            -120.21261999999994,
            38.34807000000001
          ],
          [
            -120.21237999999994,
            38.34873000000001
          ],
          [
            -120.21202999999994,
            38.35005000000001
          ],
          [
            -120.21177999999995,
            38.35068000000001
          ],
          [
            -120.21145999999995,
            38.351250000000014
          ],
          [
            -120.21079999999995,
            38.352210000000014
          ],
          [
            -120.21062999999995,
            38.35261000000001
          ],
          [
            -120.21054999999996,
            38.35301000000001
          ],
          [
            -120.21056999999996,
            38.35338000000001
          ],
          [
            -120.21065999999996,
            38.35377000000001
          ],
          [
            -120.21083999999996,
            38.35413000000001
          ],
          [
            -120.21106999999996,
            38.35441000000001
          ],
          [
            -120.21187999999997,
            38.35519000000001
          ],
          [
            -120.21206999999997,
            38.35544000000001
          ],
          [
            -120.21223999999997,
            38.35577000000001
          ],
          [
            -120.21232999999997,
            38.35605
          ],
          [
            -120.21237999999997,
            38.356410000000004
          ],
          [
            -120.21234999999997,
            38.35678
          ],
          [
            -120.21224999999997,
            38.35715
          ],
          [
            -120.21204999999996,
            38.35749
          ],
          [
            -120.21175999999996,
            38.35783
          ],
          [
            -120.21143999999995,
            38.3581
          ],
          [
            -120.21112999999995,
            38.358290000000004
          ],
          [
            -120.20914999999995,
            38.35915000000001
          ],
          [
            -120.20557999999996,
            38.36068000000001
          ],
          [
            -120.20492999999996,
            38.36091000000001
          ],
          [
            -120.20415999999996,
            38.36113000000001
          ],
          [
            -120.20299999999996,
            38.36140000000001
          ],
          [
            -120.20266999999996,
            38.36152000000001
          ],
          [
            -120.20229999999995,
            38.36172000000001
          ],
          [
            -120.20208999999996,
            38.36188000000001
          ],
          [
            -120.20180999999995,
            38.36216000000001
          ],
          [
            -120.20163999999995,
            38.36240000000001
          ],
          [
            -120.20151999999996,
            38.36265000000001
          ],
          [
            -120.20142999999996,
            38.36295000000001
          ],
          [
            -120.20139999999996,
            38.36335000000001
          ],
          [
            -120.20136999999997,
            38.36380000000001
          ],
          [
            -120.20128999999997,
            38.36416000000001
          ],
          [
            -120.20112999999998,
            38.364550000000015
          ],
          [
            -120.20089999999998,
            38.364910000000016
          ],
          [
            -120.20020999999997,
            38.36574000000002
          ],
          [
            -120.19982999999996,
            38.36629000000001
          ],
          [
            -120.19952999999997,
            38.36691000000001
          ],
          [
            -120.19929999999997,
            38.367410000000014
          ],
          [
            -120.19905999999996,
            38.36774000000001
          ],
          [
            -120.19875999999996,
            38.36802000000001
          ],
          [
            -120.19844999999997,
            38.36824000000001
          ],
          [
            -120.19810999999997,
            38.368410000000004
          ],
          [
            -120.19769999999997,
            38.368550000000006
          ],
          [
            -120.19675999999997,
            38.36881
          ],
          [
            -120.19622999999997,
            38.36901
          ],
          [
            -120.19564999999997,
            38.36929
          ],
          [
            -120.19391999999998,
            38.37023
          ],
          [
            -120.19349999999997,
            38.370509999999996
          ],
          [
            -120.19317999999997,
            38.37076999999999
          ],
          [
            -120.19274999999998,
            38.37127999999999
          ],
          [
            -120.19251999999997,
            38.37165999999999
          ],
          [
            -120.19233999999997,
            38.37208999999999
          ],
          [
            -120.19224999999997,
            38.372429999999994
          ],
          [
            -120.19209999999997,
            38.37353999999999
          ],
          [
            -120.19195999999997,
            38.37389999999999
          ],
          [
            -120.19177999999997,
            38.37417999999999
          ],
          [
            -120.19153999999996,
            38.37440999999999
          ],
          [
            -120.19135999999996,
            38.37453999999999
          ],
          [
            -120.19093999999996,
            38.37474999999999
          ],
          [
            -120.18975999999995,
            38.37518999999999
          ],
          [
            -120.18943999999995,
            38.375359999999986
          ],
          [
            -120.18918999999995,
            38.37556999999999
          ],
          [
            -120.18897999999996,
            38.375849999999986
          ],
          [
            -120.18886999999995,
            38.37610999999998
          ],
          [
            -120.18881999999995,
            38.37647999999998
          ],
          [
            -120.18876999999995,
            38.37859999999998
          ],
          [
            -120.18868999999995,
            38.37909999999998
          ],
          [
            -120.18854999999995,
            38.37948999999998
          ],
          [
            -120.18831999999995,
            38.379879999999986
          ],
          [
            -120.18807999999994,
            38.38017999999999
          ],
          [
            -120.18771999999994,
            38.38049999999999
          ],
          [
            -120.18734999999994,
            38.38074999999999
          ],
          [
            -120.18688999999993,
            38.38096999999999
          ],
          [
            -120.18647999999993,
            38.38111999999999
          ],
          [
            -120.18563999999994,
            38.38133999999999
          ],
          [
            -120.18537999999994,
            38.38144999999999
          ],
          [
            -120.18510999999994,
            38.381619999999984
          ],
          [
            -120.18488999999994,
            38.38183999999998
          ],
          [
            -120.18469999999994,
            38.38211999999998
          ],
          [
            -120.18461999999994,
            38.38235999999998
          ],
          [
            -120.18458999999994,
            38.38260999999998
          ],
          [
            -120.18463999999994,
            38.38291999999998
          ],
          [
            -120.18473999999995,
            38.383159999999975
          ],
          [
            -120.18534999999994,
            38.38410999999998
          ],
          [
            -120.18573999999994,
            38.384729999999976
          ],
          [
            -120.18585999999993,
            38.38504999999998
          ],
          [
            -120.18589999999993,
            38.385329999999975
          ],
          [
            -120.18585999999993,
            38.385579999999976
          ],
          [
            -120.18572999999994,
            38.38587999999998
          ],
          [
            -120.18552999999993,
            38.38612999999998
          ],
          [
            -120.18522999999993,
            38.38637999999998
          ],
          [
            -120.18476999999993,
            38.38670999999998
          ],
          [
            -120.18447999999992,
            38.38701999999998
          ],
          [
            -120.18431999999993,
            38.38724999999998
          ],
          [
            -120.18422999999993,
            38.38748999999998
          ],
          [
            -120.18413999999993,
            38.38778999999998
          ],
          [
            -120.18392999999993,
            38.38818999999998
          ],
          [
            -120.18375999999994,
            38.388379999999984
          ],
          [
            -120.18328999999993,
            38.38881999999998
          ],
          [
            -120.18306999999993,
            38.38913999999998
          ],
          [
            -120.18295999999992,
            38.38941999999998
          ],
          [
            -120.18291999999992,
            38.38971999999998
          ],
          [
            -120.18294999999992,
            38.39051999999998
          ],
          [
            -120.18300999999992,
            38.39176999999998
          ],
          [
            -120.18297999999993,
            38.39211999999998
          ],
          [
            -120.18288999999993,
            38.39238999999998
          ],
          [
            -120.18271999999993,
            38.392649999999975
          ],
          [
            -120.18244999999993,
            38.392899999999976
          ],
          [
            -120.18217999999993,
            38.39306999999997
          ],
          [
            -120.18185999999993,
            38.393189999999976
          ],
          [
            -120.18146999999993,
            38.39325999999998
          ],
          [
            -120.18111999999994,
            38.39326999999998
          ],
          [
            -120.17938999999994,
            38.39313999999998
          ],
          [
            -120.17888999999994,
            38.39313999999998
          ],
          [
            -120.17839999999994,
            38.39320999999998
          ],
          [
            -120.17795999999994,
            38.393349999999984
          ],
          [
            -120.17755999999994,
            38.39353999999999
          ],
          [
            -120.17718999999994,
            38.39378999999999
          ],
          [
            -120.17660999999994,
            38.39423999999999
          ],
          [
            -120.17623999999994,
            38.39443999999999
          ],
          [
            -120.17583999999994,
            38.39457999999999
          ],
          [
            -120.17540999999994,
            38.39465999999999
          ],
          [
            -120.17489999999994,
            38.39468999999999
          ],
          [
            -120.17281999999993,
            38.39465999999999
          ],
          [
            -120.17232999999993,
            38.39470999999999
          ],
          [
            -120.17179999999993,
            38.39483999999999
          ],
          [
            -120.17135999999994,
            38.39501999999999
          ],
          [
            -120.17104999999994,
            38.39517999999999
          ],
          [
            -120.17061999999994,
            38.39550999999999
          ],
          [
            -120.17026999999995,
            38.39584999999999
          ],
          [
            -120.16956999999995,
            38.396579999999986
          ],
          [
            -120.16919999999995,
            38.39687999999999
          ],
          [
            -120.16867999999995,
            38.39719999999999
          ],
          [
            -120.16603999999995,
            38.39845999999999
          ],
          [
            -120.16558999999995,
            38.39873999999999
          ],
          [
            -120.16534999999995,
            38.39894999999999
          ],
          [
            -120.16504999999995,
            38.399269999999994
          ],
          [
            -120.16397999999995,
            38.400659999999995
          ],
          [
            -120.16376999999996,
            38.40091999999999
          ],
          [
            -120.16301999999996,
            38.40166999999999
          ],
          [
            -120.16236999999997,
            38.40220999999999
          ],
          [
            -120.15946999999997,
            38.40421999999999
          ],
          [
            -120.15900999999997,
            38.40459999999999
          ],
          [
            -120.15857999999997,
            38.405039999999985
          ],
          [
            -120.15821999999997,
            38.40549999999998
          ],
          [
            -120.15803999999997,
            38.40577999999998
          ],
          [
            -120.15776999999997,
            38.40628999999998
          ],
          [
            -120.15705999999997,
            38.40788999999998
          ],
          [
            -120.15685999999997,
            38.40820999999998
          ],
          [
            -120.15670999999996,
            38.40838999999998
          ],
          [
            -120.15640999999997,
            38.40866999999998
          ],
          [
            -120.15607999999996,
            38.40889999999998
          ],
          [
            -120.15571999999996,
            38.40907999999998
          ],
          [
            -120.15531999999996,
            38.40920999999998
          ],
          [
            -120.15486999999996,
            38.409309999999984
          ],
          [
            -120.15438999999996,
            38.409359999999985
          ],
          [
            -120.15305999999997,
            38.409429999999986
          ],
          [
            -120.15257999999997,
            38.409399999999984
          ],
          [
            -120.15212999999997,
            38.409339999999986
          ],
          [
            -120.15067999999997,
            38.408999999999985
          ],
          [
            -120.14833999999996,
            38.408419999999985
          ],
          [
            -120.14789999999996,
            38.40833999999999
          ],
          [
            -120.14748999999996,
            38.40831999999999
          ],
          [
            -120.14697999999996,
            38.40833999999999
          ],
          [
            -120.14654999999996,
            38.40842999999999
          ],
          [
            -120.14604999999996,
            38.408599999999986
          ],
          [
            -120.14507999999996,
            38.409069999999986
          ],
          [
            -120.14462999999996,
            38.409269999999985
          ],
          [
            -120.14414999999997,
            38.409379999999985
          ],
          [
            -120.14371999999997,
            38.409429999999986
          ],
          [
            -120.14332999999998,
            38.40943999999999
          ],
          [
            -120.14280999999998,
            38.40936999999999
          ],
          [
            -120.14236999999999,
            38.40925999999999
          ],
          [
            -120.14117999999999,
            38.40883999999999
          ],
          [
            -120.14079,
            38.40873999999999
          ],
          [
            -120.14038,
            38.408689999999986
          ],
          [
            -120.1399,
            38.408689999999986
          ],
          [
            -120.13954,
            38.408729999999984
          ],
          [
            -120.13915,
            38.40880999999998
          ],
          [
            -120.13866,
            38.40897999999998
          ],
          [
            -120.13828,
            38.40918999999998
          ],
          [
            -120.13789,
            38.409489999999984
          ],
          [
            -120.13759,
            38.40981999999998
          ],
          [
            -120.13738000000001,
            38.410139999999984
          ],
          [
            -120.13725000000001,
            38.41043999999999
          ],
          [
            -120.13718000000001,
            38.41072999999999
          ],
          [
            -120.13705000000002,
            38.411779999999986
          ],
          [
            -120.13695000000001,
            38.41214999999998
          ],
          [
            -120.13678000000002,
            38.412489999999984
          ],
          [
            -120.13654000000001,
            38.41279999999998
          ],
          [
            -120.13625,
            38.41307999999998
          ],
          [
            -120.13595000000001,
            38.41328999999998
          ],
          [
            -120.13549,
            38.413519999999984
          ],
          [
            -120.13521,
            38.41362999999998
          ],
          [
            -120.13509,
            38.413659999999986
          ],
          [
            -120.13300000000001,
            38.41449999999998
          ],
          [
            -120.13266000000002,
            38.414619999999985
          ],
          [
            -120.13247000000001,
            38.414659999999984
          ],
          [
            -120.13192000000001,
            38.41471999999998
          ],
          [
            -120.13137,
            38.41470999999998
          ],
          [
            -120.13083,
            38.41463999999998
          ],
          [
            -120.12977000000001,
            38.414409999999975
          ],
          [
            -120.12925000000001,
            38.414359999999974
          ],
          [
            -120.12891000000002,
            38.414359999999974
          ],
          [
            -120.12869000000002,
            38.414389999999976
          ],
          [
            -120.12753000000002,
            38.414609999999975
          ],
          [
            -120.12707000000002,
            38.41468999999997
          ],
          [
            -120.12662000000002,
            38.414699999999975
          ],
          [
            -120.12639000000001,
            38.41468999999997
          ],
          [
            -120.12593000000001,
            38.414609999999975
          ],
          [
            -120.12571000000001,
            38.41455999999997
          ],
          [
            -120.12444,
            38.414159999999974
          ],
          [
            -120.12404000000001,
            38.41405999999997
          ],
          [
            -120.12355000000001,
            38.41399999999997
          ],
          [
            -120.12309,
            38.41399999999997
          ],
          [
            -120.12263,
            38.41405999999997
          ],
          [
            -120.12218,
            38.41417999999997
          ],
          [
            -120.11889,
            38.415439999999975
          ],
          [
            -120.11855,
            38.415529999999976
          ],
          [
            -120.11799,
            38.415619999999976
          ],
          [
            -120.11756000000001,
            38.415619999999976
          ],
          [
            -120.1162,
            38.41555999999998
          ],
          [
            -120.11567000000001,
            38.41558999999998
          ],
          [
            -120.11528000000001,
            38.41562999999998
          ],
          [
            -120.11397000000001,
            38.415889999999976
          ],
          [
            -120.11172,
            38.41636999999998
          ],
          [
            -120.11029,
            38.41661999999998
          ],
          [
            -120.10325,
            38.41772999999998
          ],
          [
            -120.10237000000001,
            38.41790999999998
          ],
          [
            -120.10008,
            38.41844999999998
          ],
          [
            -120.0995,
            38.41854999999998
          ],
          [
            -120.09880000000001,
            38.41861999999998
          ],
          [
            -120.09811,
            38.41863999999998
          ],
          [
            -120.09521000000001,
            38.41863999999998
          ],
          [
            -120.09490000000001,
            38.418649999999985
          ],
          [
            -120.09429000000002,
            38.418739999999985
          ],
          [
            -120.09372000000002,
            38.41889999999999
          ],
          [
            -120.09319000000002,
            38.419139999999985
          ],
          [
            -120.09144000000002,
            38.42001999999999
          ],
          [
            -120.09085000000002,
            38.42026999999999
          ],
          [
            -120.09049000000002,
            38.42038999999999
          ],
          [
            -120.08973000000002,
            38.42056999999999
          ],
          [
            -120.08673000000002,
            38.42114999999999
          ],
          [
            -120.08603000000002,
            38.42136999999999
          ],
          [
            -120.08563000000002,
            38.421539999999986
          ],
          [
            -120.08522000000002,
            38.42176999999999
          ],
          [
            -120.08498000000002,
            38.421939999999985
          ],
          [
            -120.08177000000002,
            38.424579999999985
          ],
          [
            -120.08146000000002,
            38.424889999999984
          ],
          [
            -120.08118000000002,
            38.425249999999984
          ],
          [
            -120.08092000000002,
            38.42573999999998
          ],
          [
            -120.08088000000002,
            38.425789999999985
          ],
          [
            -120.08042000000002,
            38.42677999999999
          ],
          [
            -120.07979000000002,
            38.42850999999999
          ],
          [
            -120.07973000000001,
            38.42880999999999
          ],
          [
            -120.07975000000002,
            38.42886999999999
          ],
          [
            -120.07970000000002,
            38.42922999999999
          ],
          [
            -120.07972000000002,
            38.42968999999999
          ],
          [
            -120.07982000000003,
            38.43052999999998
          ],
          [
            -120.07982000000003,
            38.43085999999998
          ],
          [
            -120.07973000000003,
            38.43123999999998
          ],
          [
            -120.07955000000003,
            38.43165999999998
          ],
          [
            -120.07865000000002,
            38.43320999999998
          ],
          [
            -120.07842000000002,
            38.433689999999984
          ],
          [
            -120.07831000000002,
            38.434069999999984
          ],
          [
            -120.07830000000001,
            38.434609999999985
          ],
          [
            -120.07831000000002,
            38.435349999999985
          ],
          [
            -120.07830000000001,
            38.43549999999998
          ],
          [
            -120.07811000000001,
            38.43604999999998
          ],
          [
            -120.07791,
            38.43645999999998
          ],
          [
            -120.07717000000001,
            38.43783999999998
          ],
          [
            -120.07692000000002,
            38.43840999999998
          ],
          [
            -120.07680000000002,
            38.43878999999998
          ],
          [
            -120.07671000000002,
            38.439289999999986
          ],
          [
            -120.07664000000003,
            38.44043999999999
          ],
          [
            -120.07653000000002,
            38.44082999999999
          ],
          [
            -120.07637000000003,
            38.44118999999999
          ],
          [
            -120.07626000000002,
            38.441379999999995
          ],
          [
            -120.07609000000002,
            38.44159
          ],
          [
            -120.07583000000002,
            38.44182
          ],
          [
            -120.07531000000003,
            38.44215
          ],
          [
            -120.07477000000003,
            38.442389999999996
          ],
          [
            -120.07146000000003,
            38.443619999999996
          ],
          [
            -120.07103000000004,
            38.443799999999996
          ],
          [
            -120.07046000000004,
            38.444069999999996
          ],
          [
            -120.06970000000004,
            38.444509999999994
          ],
          [
            -120.06739000000005,
            38.44608999999999
          ],
          [
            -120.06701000000004,
            38.446299999999994
          ],
          [
            -120.06660000000004,
            38.446459999999995
          ],
          [
            -120.06608000000004,
            38.4466
          ],
          [
            -120.06548000000004,
            38.44667999999999
          ],
          [
            -120.06477000000004,
            38.446709999999996
          ],
          [
            -120.06320000000004,
            38.446709999999996
          ],
          [
            -120.06264000000004,
            38.446729999999995
          ],
          [
            -120.06227000000004,
            38.44678
          ],
          [
            -120.06181000000004,
            38.446909999999995
          ],
          [
            -120.06136000000004,
            38.4471
          ],
          [
            -120.06104000000003,
            38.447269999999996
          ],
          [
            -120.06061000000004,
            38.44761
          ],
          [
            -120.06035000000004,
            38.447889999999994
          ],
          [
            -120.05861000000004,
            38.45054999999999
          ],
          [
            -120.05807000000004,
            38.451229999999995
          ],
          [
            -120.05741000000005,
            38.45189
          ],
          [
            -120.05559000000005,
            38.45351
          ],
          [
            -120.05438000000005,
            38.45459
          ],
          [
            -120.05392000000005,
            38.455070000000006
          ],
          [
            -120.05369000000005,
            38.45537000000001
          ],
          [
            -120.05319000000004,
            38.45625000000001
          ],
          [
            -120.05252000000004,
            38.45759000000001
          ],
          [
            -120.05229000000004,
            38.45792000000001
          ],
          [
            -120.05196000000004,
            38.458270000000006
          ],
          [
            -120.05159000000003,
            38.458560000000006
          ],
          [
            -120.05119000000003,
            38.458800000000004
          ],
          [
            -120.05064000000003,
            38.45904
          ],
          [
            -120.05000000000003,
            38.45922
          ],
          [
            -120.04367000000002,
            38.460750000000004
          ],
          [
            -120.04358000000002,
            38.46076000000001
          ],
          [
            -120.04237000000002,
            38.461040000000004
          ]
        ],
        "type": "LineString"
      }
    },
    {
      "type": "Feature",
      "properties": {
        "id": "hwy49-angels-sonora",
        "name": "Hwy 49 — Angels Camp to Sonora"
      },
      "geometry": {
        "coordinates": [
          [
            -120.54006,
            38.0675
          ],
          [
            -120.54015,
            38.06759
          ],
          [
            -120.54017,
            38.06779
          ],
          [
            -120.54014000000001,
            38.06788
          ],
          [
            -120.53994,
            38.06804
          ],
          [
            -120.53952,
            38.067400000000006
          ],
          [
            -120.53943,
            38.067170000000004
          ],
          [
            -120.53938,
            38.06694
          ],
          [
            -120.53929,
            38.066860000000005
          ],
          [
            -120.53926999999999,
            38.0671
          ],
          [
            -120.53926999999999,
            38.067330000000005
          ],
          [
            -120.53930999999999,
            38.0675
          ],
          [
            -120.53939999999999,
            38.067750000000004
          ],
          [
            -120.53934999999998,
            38.06799
          ],
          [
            -120.53932999999998,
            38.06805
          ],
          [
            -120.53907999999998,
            38.0682
          ],
          [
            -120.53881999999999,
            38.067859999999996
          ],
          [
            -120.53862999999998,
            38.06764
          ],
          [
            -120.53855999999999,
            38.06746
          ],
          [
            -120.53849,
            38.06706
          ],
          [
            -120.5384,
            38.06691
          ],
          [
            -120.53744999999999,
            38.06598
          ],
          [
            -120.53735999999999,
            38.06582
          ],
          [
            -120.53733,
            38.06561
          ],
          [
            -120.53739,
            38.06518
          ],
          [
            -120.53746,
            38.064859999999996
          ],
          [
            -120.53764,
            38.06442
          ],
          [
            -120.53766,
            38.06413
          ],
          [
            -120.53765,
            38.06357
          ],
          [
            -120.53759,
            38.0634
          ],
          [
            -120.53743999999999,
            38.06316
          ],
          [
            -120.53721999999999,
            38.062850000000005
          ],
          [
            -120.53710999999998,
            38.062560000000005
          ],
          [
            -120.53695999999998,
            38.061710000000005
          ],
          [
            -120.53662999999997,
            38.060480000000005
          ],
          [
            -120.53645999999998,
            38.06009
          ],
          [
            -120.53610999999998,
            38.059340000000006
          ],
          [
            -120.53569999999998,
            38.05834000000001
          ],
          [
            -120.53562999999998,
            38.05803000000001
          ],
          [
            -120.53560999999998,
            38.05747000000001
          ],
          [
            -120.53560999999998,
            38.05666000000001
          ],
          [
            -120.53554999999997,
            38.05629000000001
          ],
          [
            -120.53514999999997,
            38.05522000000001
          ],
          [
            -120.53494999999997,
            38.05484000000001
          ],
          [
            -120.53473999999997,
            38.05459000000001
          ],
          [
            -120.53428999999997,
            38.05420000000001
          ],
          [
            -120.53376999999998,
            38.053540000000005
          ],
          [
            -120.53315999999998,
            38.05292000000001
          ],
          [
            -120.53251999999998,
            38.05238000000001
          ],
          [
            -120.53221999999998,
            38.052040000000005
          ],
          [
            -120.53181999999998,
            38.05154
          ],
          [
            -120.53128999999998,
            38.05091
          ],
          [
            -120.53098999999999,
            38.05049
          ],
          [
            -120.53040999999999,
            38.04965000000001
          ],
          [
            -120.53000999999999,
            38.049130000000005
          ],
          [
            -120.52968999999999,
            38.04883
          ],
          [
            -120.52906999999999,
            38.048410000000004
          ],
          [
            -120.52814,
            38.04764
          ],
          [
            -120.52738,
            38.04697
          ],
          [
            -120.52626,
            38.04611
          ],
          [
            -120.52592,
            38.04585
          ],
          [
            -120.52521,
            38.0452
          ],
          [
            -120.52469,
            38.04462
          ],
          [
            -120.52373,
            38.04309
          ],
          [
            -120.52318,
            38.04239
          ],
          [
            -120.5226,
            38.041799999999995
          ],
          [
            -120.52201,
            38.04129
          ],
          [
            -120.52136,
            38.04083
          ],
          [
            -120.52056,
            38.04036
          ],
          [
            -120.51979,
            38.03999
          ],
          [
            -120.51902,
            38.039680000000004
          ],
          [
            -120.51817,
            38.03942000000001
          ],
          [
            -120.51189,
            38.038000000000004
          ],
          [
            -120.51149,
            38.03786
          ],
          [
            -120.51088999999999,
            38.03759
          ],
          [
            -120.51048999999999,
            38.03736
          ],
          [
            -120.51001,
            38.03698
          ],
          [
            -120.50769,
            38.03496
          ],
          [
            -120.50715,
            38.03456
          ],
          [
            -120.5068,
            38.0342
          ],
          [
            -120.50655,
            38.03382
          ],
          [
            -120.50639000000001,
            38.033519999999996
          ],
          [
            -120.50630000000001,
            38.03321999999999
          ],
          [
            -120.50629,
            38.032959999999996
          ],
          [
            -120.50640000000001,
            38.03227999999999
          ],
          [
            -120.50643000000001,
            38.03160999999999
          ],
          [
            -120.50640000000001,
            38.030989999999996
          ],
          [
            -120.50658000000001,
            38.02827
          ],
          [
            -120.50664000000002,
            38.028059999999996
          ],
          [
            -120.50679000000002,
            38.02782
          ],
          [
            -120.50697000000002,
            38.02767
          ],
          [
            -120.50719000000002,
            38.02757
          ],
          [
            -120.50745000000002,
            38.027499999999996
          ],
          [
            -120.50775000000002,
            38.027499999999996
          ],
          [
            -120.51024000000001,
            38.02773
          ],
          [
            -120.51048000000002,
            38.027699999999996
          ],
          [
            -120.51068000000002,
            38.027629999999995
          ],
          [
            -120.51083000000003,
            38.027519999999996
          ],
          [
            -120.51106000000003,
            38.02719999999999
          ],
          [
            -120.51120000000003,
            38.027069999999995
          ],
          [
            -120.51143000000003,
            38.02694999999999
          ],
          [
            -120.51176000000004,
            38.02682999999999
          ],
          [
            -120.51202000000004,
            38.02662999999999
          ],
          [
            -120.51237000000003,
            38.02625999999999
          ],
          [
            -120.51251000000003,
            38.02602999999999
          ],
          [
            -120.51325000000003,
            38.02378999999999
          ],
          [
            -120.51328000000002,
            38.02351999999999
          ],
          [
            -120.51323000000002,
            38.02329999999999
          ],
          [
            -120.51315000000002,
            38.02313999999999
          ],
          [
            -120.51234000000002,
            38.02198999999999
          ],
          [
            -120.51228000000002,
            38.02183999999999
          ],
          [
            -120.51228000000002,
            38.02164999999999
          ],
          [
            -120.51234000000002,
            38.02149999999999
          ],
          [
            -120.51248000000002,
            38.02135999999999
          ],
          [
            -120.51266000000003,
            38.021259999999984
          ],
          [
            -120.51317000000003,
            38.02106999999998
          ],
          [
            -120.51339000000003,
            38.02091999999998
          ],
          [
            -120.51356000000003,
            38.02071999999998
          ],
          [
            -120.51364000000002,
            38.02053999999998
          ],
          [
            -120.51367000000002,
            38.020229999999984
          ],
          [
            -120.51366000000002,
            38.019919999999985
          ],
          [
            -120.51356000000001,
            38.01967999999999
          ],
          [
            -120.51344000000002,
            38.01952999999999
          ],
          [
            -120.51311000000001,
            38.01924999999999
          ],
          [
            -120.51023,
            38.017039999999994
          ],
          [
            -120.50994,
            38.016729999999995
          ],
          [
            -120.50969,
            38.016369999999995
          ],
          [
            -120.50954,
            38.016009999999994
          ],
          [
            -120.50947000000001,
            38.01561999999999
          ],
          [
            -120.50944000000001,
            38.01379999999999
          ],
          [
            -120.50935000000001,
            38.01337999999999
          ],
          [
            -120.50924,
            38.013099999999994
          ],
          [
            -120.50909,
            38.01286999999999
          ],
          [
            -120.50882,
            38.012539999999994
          ],
          [
            -120.50861,
            38.01234999999999
          ],
          [
            -120.50831000000001,
            38.01213999999999
          ],
          [
            -120.50627000000001,
            38.011079999999986
          ],
          [
            -120.50592000000002,
            38.01081999999999
          ],
          [
            -120.50561000000002,
            38.010519999999985
          ],
          [
            -120.50537000000001,
            38.01016999999999
          ],
          [
            -120.50521000000002,
            38.00981999999999
          ],
          [
            -120.50514000000003,
            38.00950999999999
          ],
          [
            -120.50511000000003,
            38.00928999999999
          ],
          [
            -120.50513000000004,
            38.00896999999999
          ],
          [
            -120.50532000000004,
            38.00773999999999
          ],
          [
            -120.50531000000004,
            38.00733999999999
          ],
          [
            -120.50524000000004,
            38.00695999999999
          ],
          [
            -120.50509000000004,
            38.006629999999994
          ],
          [
            -120.50490000000003,
            38.006339999999994
          ],
          [
            -120.50463000000003,
            38.00603999999999
          ],
          [
            -120.50431000000003,
            38.00578999999999
          ],
          [
            -120.50388000000004,
            38.00553999999999
          ],
          [
            -120.50141000000004,
            38.004589999999986
          ],
          [
            -120.49115000000003,
            38.00072999999998
          ],
          [
            -120.48876000000003,
            37.999839999999985
          ],
          [
            -120.48819000000003,
            37.99962999999998
          ],
          [
            -120.48739000000003,
            37.99921999999998
          ],
          [
            -120.48663000000003,
            37.99876999999998
          ],
          [
            -120.48585000000003,
            37.99825999999998
          ],
          [
            -120.48516000000002,
            37.997709999999984
          ],
          [
            -120.48182000000003,
            37.99465999999998
          ],
          [
            -120.48091000000002,
            37.993949999999984
          ],
          [
            -120.48059000000002,
            37.993749999999984
          ],
          [
            -120.47974000000002,
            37.993389999999984
          ],
          [
            -120.47860000000001,
            37.992769999999986
          ],
          [
            -120.47754000000002,
            37.99210999999998
          ],
          [
            -120.47695000000002,
            37.99163999999998
          ],
          [
            -120.47648000000001,
            37.991269999999986
          ],
          [
            -120.47615,
            37.99109999999999
          ],
          [
            -120.47578,
            37.99095999999999
          ],
          [
            -120.47505,
            37.99077999999999
          ],
          [
            -120.47451,
            37.990549999999985
          ],
          [
            -120.47389,
            37.990259999999985
          ],
          [
            -120.47363,
            37.99008999999999
          ],
          [
            -120.4728,
            37.989319999999985
          ],
          [
            -120.47262,
            37.98921999999998
          ],
          [
            -120.47247,
            37.98917999999998
          ],
          [
            -120.47225,
            37.98919999999998
          ],
          [
            -120.47199,
            37.98930999999998
          ],
          [
            -120.47111000000001,
            37.98966999999998
          ],
          [
            -120.47089000000001,
            37.98972999999998
          ],
          [
            -120.47070000000001,
            37.98973999999998
          ],
          [
            -120.47042,
            37.989659999999986
          ],
          [
            -120.47015,
            37.98955999999998
          ],
          [
            -120.46993,
            37.98955999999998
          ],
          [
            -120.46968000000001,
            37.98964999999998
          ],
          [
            -120.46902000000001,
            37.99001999999998
          ],
          [
            -120.46890000000002,
            37.99010999999998
          ],
          [
            -120.46880000000002,
            37.99020999999998
          ],
          [
            -120.46870000000001,
            37.990389999999984
          ],
          [
            -120.46867000000002,
            37.99060999999998
          ],
          [
            -120.46872000000002,
            37.99088999999998
          ],
          [
            -120.46896000000002,
            37.991439999999976
          ],
          [
            -120.46906000000003,
            37.99187999999997
          ],
          [
            -120.46909000000002,
            37.99234999999997
          ],
          [
            -120.46905000000002,
            37.99245999999997
          ],
          [
            -120.46896000000002,
            37.99251999999997
          ],
          [
            -120.46883000000003,
            37.992529999999974
          ],
          [
            -120.46870000000003,
            37.992469999999976
          ],
          [
            -120.46781000000003,
            37.991859999999974
          ],
          [
            -120.46759000000003,
            37.991769999999974
          ],
          [
            -120.46679000000003,
            37.99162999999997
          ],
          [
            -120.46625000000003,
            37.991569999999975
          ],
          [
            -120.46591000000004,
            37.991459999999975
          ],
          [
            -120.46562000000003,
            37.991299999999974
          ],
          [
            -120.46537000000004,
            37.991099999999975
          ],
          [
            -120.46478000000003,
            37.99034999999998
          ],
          [
            -120.46463000000003,
            37.990209999999976
          ],
          [
            -120.46441000000003,
            37.990089999999974
          ],
          [
            -120.46412000000002,
            37.989999999999974
          ],
          [
            -120.46304000000002,
            37.98991999999998
          ],
          [
            -120.46269000000002,
            37.989939999999976
          ],
          [
            -120.46240000000002,
            37.990029999999976
          ],
          [
            -120.46216000000001,
            37.99018999999998
          ],
          [
            -120.46201,
            37.99038999999998
          ],
          [
            -120.46177,
            37.99083999999998
          ],
          [
            -120.4615,
            37.99126999999998
          ],
          [
            -120.46143000000001,
            37.99133999999998
          ],
          [
            -120.46123,
            37.99145999999998
          ],
          [
            -120.46092,
            37.991559999999986
          ],
          [
            -120.46028,
            37.99167999999999
          ],
          [
            -120.4594,
            37.99177999999999
          ],
          [
            -120.45911,
            37.99179999999999
          ],
          [
            -120.45727,
            37.991719999999994
          ],
          [
            -120.45662999999999,
            37.99168999999999
          ],
          [
            -120.45598,
            37.99159999999999
          ],
          [
            -120.45318999999999,
            37.990959999999994
          ],
          [
            -120.45008999999999,
            37.990249999999996
          ],
          [
            -120.44937999999999,
            37.99014999999999
          ],
          [
            -120.44865999999999,
            37.99003999999999
          ],
          [
            -120.44707999999999,
            37.98962999999999
          ],
          [
            -120.44580999999998,
            37.98939999999999
          ],
          [
            -120.44533999999997,
            37.98924999999999
          ],
          [
            -120.44465999999997,
            37.988969999999995
          ],
          [
            -120.44424999999997,
            37.988859999999995
          ],
          [
            -120.44307999999997,
            37.988659999999996
          ],
          [
            -120.44204999999997,
            37.98844999999999
          ],
          [
            -120.44191999999997,
            37.98843999999999
          ],
          [
            -120.44178999999997,
            37.98845999999999
          ],
          [
            -120.44157999999997,
            37.98857999999999
          ],
          [
            -120.44141999999998,
            37.98881999999999
          ],
          [
            -120.44108999999997,
            37.98945999999999
          ],
          [
            -120.44091999999998,
            37.989699999999985
          ],
          [
            -120.44050999999997,
            37.99008999999999
          ],
          [
            -120.43970999999998,
            37.990799999999986
          ],
          [
            -120.43820999999998,
            37.992299999999986
          ],
          [
            -120.43784999999998,
            37.99257999999998
          ],
          [
            -120.43750999999999,
            37.99279999999998
          ],
          [
            -120.43688999999999,
            37.993099999999984
          ],
          [
            -120.43609,
            37.993439999999985
          ],
          [
            -120.43524,
            37.99384999999999
          ],
          [
            -120.43499999999999,
            37.99402999999999
          ],
          [
            -120.43481999999999,
            37.99421999999999
          ],
          [
            -120.43466999999998,
            37.99448999999999
          ],
          [
            -120.43442999999998,
            37.995149999999995
          ],
          [
            -120.43427999999997,
            37.99536
          ],
          [
            -120.43404999999997,
            37.99563
          ],
          [
            -120.43324999999997,
            37.99633
          ],
          [
            -120.43219999999997,
            37.99762
          ],
          [
            -120.43173999999996,
            37.99849
          ],
          [
            -120.43133999999996,
            37.998949999999994
          ],
          [
            -120.43095999999996,
            37.99952999999999
          ],
          [
            -120.43066999999995,
            37.99985999999999
          ],
          [
            -120.43050999999996,
            38.00001999999999
          ],
          [
            -120.42960999999995,
            38.00073999999999
          ],
          [
            -120.42905999999995,
            38.001169999999995
          ],
          [
            -120.42887999999995,
            38.001349999999995
          ],
          [
            -120.42871999999996,
            38.00162999999999
          ],
          [
            -120.42847999999995,
            38.00213999999999
          ],
          [
            -120.42824999999995,
            38.00250999999999
          ],
          [
            -120.42796999999995,
            38.002799999999986
          ],
          [
            -120.42705999999994,
            38.00349999999999
          ],
          [
            -120.42607999999994,
            38.00435999999999
          ],
          [
            -120.42530999999994,
            38.00505999999999
          ],
          [
            -120.42505999999995,
            38.00534999999999
          ],
          [
            -120.42485999999994,
            38.005649999999996
          ],
          [
            -120.42458999999994,
            38.00631
          ],
          [
            -120.42412999999993,
            38.00761
          ],
          [
            -120.42388999999993,
            38.00805
          ],
          [
            -120.42364999999992,
            38.00835
          ],
          [
            -120.42251999999992,
            38.00953
          ],
          [
            -120.42231999999991,
            38.009699999999995
          ],
          [
            -120.42175999999992,
            38.010099999999994
          ],
          [
            -120.42146999999991,
            38.010279999999995
          ],
          [
            -120.42078999999991,
            38.010619999999996
          ],
          [
            -120.4203199999999,
            38.010799999999996
          ],
          [
            -120.41929999999991,
            38.01107999999999
          ],
          [
            -120.41835999999991,
            38.01131999999999
          ],
          [
            -120.4172799999999,
            38.01159999999999
          ],
          [
            -120.4168699999999,
            38.011659999999985
          ],
          [
            -120.4144099999999,
            38.01171999999998
          ],
          [
            -120.4134099999999,
            38.011729999999986
          ],
          [
            -120.4127699999999,
            38.011659999999985
          ],
          [
            -120.4085199999999,
            38.010829999999984
          ],
          [
            -120.4079299999999,
            38.01076999999999
          ],
          [
            -120.40724999999989,
            38.01074999999999
          ],
          [
            -120.40675999999989,
            38.01077999999999
          ],
          [
            -120.4062799999999,
            38.01085999999999
          ],
          [
            -120.4056999999999,
            38.011009999999985
          ],
          [
            -120.4003699999999,
            38.012759999999986
          ],
          [
            -120.3974799999999,
            38.013719999999985
          ],
          [
            -120.3970099999999,
            38.013849999999984
          ],
          [
            -120.39650999999989,
            38.013919999999985
          ],
          [
            -120.3960199999999,
            38.013939999999984
          ],
          [
            -120.3955299999999,
            38.01388999999998
          ],
          [
            -120.39505999999989,
            38.01377999999998
          ],
          [
            -120.39457999999989,
            38.01361999999998
          ],
          [
            -120.39403999999989,
            38.013339999999985
          ],
          [
            -120.39371999999989,
            38.01311999999999
          ],
          [
            -120.39336999999989,
            38.01278999999999
          ],
          [
            -120.3888999999999,
            38.00800999999999
          ],
          [
            -120.3858699999999,
            38.00473999999999
          ],
          [
            -120.3854999999999,
            38.00429999999999
          ],
          [
            -120.3849599999999,
            38.003519999999995
          ],
          [
            -120.38409999999989,
            38.002039999999994
          ],
          [
            -120.38385999999988,
            38.001529999999995
          ],
          [
            -120.38363999999989,
            38.000859999999996
          ],
          [
            -120.38354999999989,
            38.00033
          ],
          [
            -120.38353999999988,
            37.9999
          ],
          [
            -120.38356999999988,
            37.99935
          ],
          [
            -120.38370999999988,
            37.99844
          ],
          [
            -120.38370999999988,
            37.997890000000005
          ],
          [
            -120.38360999999988,
            37.99719
          ],
          [
            -120.38332999999987,
            37.99526
          ],
          [
            -120.38329999999988,
            37.99474
          ],
          [
            -120.38337999999987,
            37.994
          ],
          [
            -120.38342999999988,
            37.99366
          ],
          [
            -120.38369999999988,
            37.99284
          ],
          [
            -120.38390999999987,
            37.9923
          ],
          [
            -120.38410999999988,
            37.99186
          ],
          [
            -120.38435999999987,
            37.991150000000005
          ],
          [
            -120.38442999999987,
            37.99087000000001
          ],
          [
            -120.38452999999987,
            37.99006000000001
          ],
          [
            -120.38458999999987,
            37.98854000000001
          ],
          [
            -120.38454999999988,
            37.98700000000001
          ],
          [
            -120.38447999999988,
            37.98683000000001
          ],
          [
            -120.38252999999989,
            37.984220000000015
          ],
          [
            -120.3827299999999,
            37.984130000000015
          ]
        ],
        "type": "LineString"
      }
    }
  ]
}
