{"type":"FeatureCollection","features":[{"type":"Feature","properties":{"NAME":"Alpine County","GEOID":"06003","BASENAME":"Alpine"},"geometry":{"type":"Polygon","coordinates":[[[-120.07239,38.70277],[-120.07301,38.70128],[-120.07237,38.69936],[-120.07243,38.67979],[-120.07243,38.6778],[-120.07248,38.50987],[-120.07251,38.47815],[-120.07257,38.44708],[-120.07067,38.4479],[-120.06683,38.4481],[-120.06475,38.45046],[-120.05637,38.45343],[-120.05514,38.45506],[-120.05358,38.45555],[-120.02278,38.43523],[-120.01995,38.43352],[-120.01857,38.43235],[-119.88786,38.35796],[-119.88475,38.35619],[-119.8825,38.3593],[-119.86967,38.3676],[-119.86486,38.36907],[-119.85498,38.37248],[-119.85124,38.37491],[-119.83755,38.38241],[-119.81568,38.38714],[-119.81469,38.38752],[-119.80481,38.39862],[-119.80243,38.40021],[-119.80165,38.4014],[-119.79866,38.40212],[-119.78448,38.40487],[-119.77989,38.40771],[-119.77394,38.40637],[-119.77055,38.40666],[-119.76558,38.40938],[-119.7629,38.41177],[-119.75348,38.41676],[-119.75064,38.41739],[-119.749,38.41699],[-119.72058,38.4183],[-119.71289,38.41845],[-119.70845,38.41744],[-119.70404,38.41532],[-119.70181,38.41281],[-119.70065,38.41267],[-119.70021,38.41125],[-119.69848,38.40929],[-119.69873,38.40608],[-119.69429,38.38513],[-119.69362,38.3789],[-119.70003,38.36522],[-119.66952,38.34829],[-119.66325,38.34361],[-119.6392,38.32688],[-119.63777,38.32791],[-119.63717,38.32793],[-119.63489,38.32928],[-119.63476,38.33103],[-119.63379,38.33161],[-119.63185,38.33474],[-119.63169,38.33952],[-119.63246,38.3408],[-119.63207,38.3442],[-119.62791,38.34805],[-119.6283,38.34973],[-119.63061,38.35153],[-119.63246,38.35171],[-119.63558,38.35391],[-119.63183,38.35483],[-119.62834,38.3586],[-119.626,38.35935],[-119.61878,38.36377],[-119.61445,38.36559],[-119.60739,38.36646],[-119.60656,38.36783],[-119.6081,38.36868],[-119.61092,38.37295],[-119.6135,38.37491],[-119.61469,38.377],[-119.61477,38.37996],[-119.61746,38.38103],[-119.6188,38.38274],[-119.61852,38.38409],[-119.61918,38.38722],[-119.62015,38.38811],[-119.62036,38.39101],[-119.62209,38.39388],[-119.62085,38.3952],[-119.61581,38.39892],[-119.61151,38.39897],[-119.60416,38.40238],[-119.60266,38.40502],[-119.60121,38.40535],[-119.59712,38.40272],[-119.59516,38.40041],[-119.59241,38.39888],[-119.58634,38.39695],[-119.58369,38.39694],[-119.58263,38.39935],[-119.57823,38.40152],[-119.57239,38.40298],[-119.56755,38.40511],[-119.56303,38.409],[-119.56199,38.41073],[-119.56172,38.41881],[-119.56186,38.42084],[-119.56507,38.4218],[-119.56644,38.4253],[-119.56606,38.42775],[-119.56782,38.42919],[-119.56894,38.43396],[-119.56971,38.43494],[-119.5638,38.43761],[-119.5614,38.43995],[-119.56129,38.44262],[-119.55984,38.44456],[-119.55643,38.44746],[-119.5571,38.44976],[-119.55761,38.45751],[-119.55857,38.45757],[-119.55898,38.46044],[-119.55824,38.46195],[-119.55753,38.46677],[-119.55586,38.47024],[-119.5499,38.47206],[-119.54687,38.47352],[-119.54559,38.47514],[-119.54517,38.47757],[-119.54344,38.47845],[-119.54245,38.48065],[-119.54329,38.48418],[-119.5449,38.48685],[-119.54537,38.49003],[-119.54383,38.49333],[-119.54412,38.49665],[-119.54286,38.49969],[-119.54609,38.49935],[-119.5487,38.49991],[-119.54971,38.50107],[-119.55662,38.5017],[-119.55751,38.50214],[-119.55921,38.50549],[-119.55806,38.5064],[-119.5581,38.51079],[-119.55618,38.51404],[-119.55622,38.51662],[-119.55877,38.5181],[-119.56066,38.52208],[-119.56094,38.52554],[-119.56154,38.52601],[-119.56538,38.52638],[-119.56687,38.52527],[-119.56678,38.5305],[-119.56797,38.53429],[-119.56844,38.53801],[-119.57002,38.53895],[-119.57099,38.54173],[-119.57411,38.54082],[-119.57475,38.5427],[-119.57577,38.54324],[-119.57637,38.54532],[-119.5791,38.54712],[-119.57939,38.5487],[-119.58208,38.55011],[-119.5843,38.55202],[-119.58485,38.55551],[-119.58592,38.55812],[-119.58737,38.55835],[-119.58647,38.56368],[-119.58719,38.5669],[-119.58911,38.56704],[-119.59052,38.56868],[-119.59005,38.57203],[-119.58931,38.57356],[-119.59039,38.57468],[-119.59154,38.57863],[-119.595,38.58007],[-119.59602,38.58185],[-119.59465,38.58765],[-119.59555,38.59033],[-119.59811,38.5916],[-119.59982,38.59335],[-119.60886,38.59472],[-119.61125,38.59797],[-119.61253,38.60048],[-119.61548,38.60249],[-119.61907,38.60353],[-119.61847,38.60692],[-119.61953,38.60738],[-119.62052,38.61067],[-119.62107,38.61442],[-119.62005,38.61516],[-119.61979,38.61707],[-119.61847,38.61932],[-119.61945,38.62217],[-119.61945,38.62428],[-119.61665,38.62591],[-119.61633,38.62968],[-119.61715,38.63142],[-119.61827,38.63185],[-119.61572,38.63482],[-119.61493,38.63815],[-119.61624,38.64073],[-119.61686,38.64463],[-119.6161,38.64611],[-119.61599,38.64877],[-119.61407,38.64948],[-119.61452,38.6515],[-119.61313,38.65577],[-119.61363,38.65997],[-119.61288,38.6631],[-119.61466,38.66588],[-119.61334,38.66683],[-119.60901,38.66591],[-119.60496,38.66755],[-119.60338,38.6687],[-119.59933,38.67023],[-119.5978,38.67249],[-119.59713,38.67515],[-119.59598,38.67603],[-119.59621,38.67788],[-119.59298,38.68021],[-119.59289,38.6816],[-119.59146,38.68217],[-119.59102,38.68585],[-119.5921,38.68697],[-119.59184,38.69013],[-119.58845,38.69266],[-119.58667,38.69491],[-119.5869,38.6985],[-119.58151,38.70265],[-119.57952,38.70561],[-119.57948,38.70665],[-119.58377,38.71019],[-119.58544,38.71321],[-119.58707,38.71434],[-119.58768,38.71473],[-119.61933,38.73659],[-119.62586,38.74109],[-119.63076,38.74447],[-119.63493,38.74736],[-119.63505,38.74743],[-119.65664,38.76234],[-119.66135,38.76559],[-119.67708,38.77645],[-119.67718,38.77652],[-119.68223,38.78001],[-119.68246,38.78016],[-119.69101,38.78607],[-119.69112,38.78615],[-119.77916,38.84693],[-119.84388,38.8916],[-119.9006,38.93076],[-119.90431,38.93332],[-119.90435,38.93111],[-119.9054,38.92834],[-119.90337,38.92755],[-119.90148,38.92481],[-119.89933,38.92301],[-119.89761,38.92277],[-119.89664,38.92103],[-119.89155,38.91814],[-119.88963,38.91884],[-119.88731,38.91794],[-119.88584,38.91453],[-119.88606,38.91307],[-119.88404,38.91018],[-119.88317,38.90717],[-119.88326,38.90452],[-119.88209,38.90361],[-119.87986,38.89942],[-119.88193,38.89632],[-119.88351,38.89566],[-119.88449,38.89421],[-119.88101,38.89086],[-119.8804,38.88809],[-119.87952,38.88702],[-119.88236,38.8831],[-119.88281,38.88099],[-119.88876,38.87898],[-119.88678,38.87825],[-119.8847,38.87651],[-119.88264,38.87576],[-119.87936,38.87531],[-119.8779,38.87358],[-119.87729,38.87019],[-119.87775,38.86831],[-119.8803,38.86478],[-119.88828,38.85984],[-119.8902,38.8591],[-119.89191,38.85734],[-119.89524,38.85656],[-119.90076,38.85741],[-119.90499,38.85638],[-119.90631,38.85551],[-119.90678,38.85466],[-119.90727,38.84875],[-119.90854,38.84613],[-119.90821,38.83834],[-119.90849,38.83435],[-119.91186,38.83269],[-119.91532,38.8317],[-119.92075,38.83077],[-119.92271,38.82996],[-119.92343,38.82858],[-119.923,38.8269],[-119.9238,38.82495],[-119.92139,38.82234],[-119.92186,38.82096],[-119.92579,38.81933],[-119.93175,38.81414],[-119.93152,38.81214],[-119.93536,38.80889],[-119.93607,38.80728],[-119.93919,38.80521],[-119.94095,38.8034],[-119.94211,38.80311],[-119.94311,38.80125],[-119.94375,38.79664],[-119.93995,38.79532],[-119.93977,38.79356],[-119.94142,38.79223],[-119.94312,38.78893],[-119.94577,38.78769],[-119.94785,38.78486],[-119.94793,38.78164],[-119.95255,38.78048],[-119.95521,38.77867],[-119.95946,38.77866],[-119.96212,38.77663],[-119.96495,38.77599],[-120.00348,38.74991],[-120.00507,38.74861],[-120.0327,38.72978],[-120.06762,38.70601],[-120.07239,38.70277]]]}},{"type":"Feature","properties":{"NAME":"Amador County","GEOID":"06005","BASENAME":"Amador"},"geometry":{"type":"Polygon","coordinates":[[[-121.02741,38.50354],[-121.02771,38.50007],[-121.02726,38.48925],[-121.02729,38.48083],[-121.02724,38.41296],[-121.02724,38.39769],[-121.02723,38.38646],[-121.02708,38.30025],[-121.01637,38.2744],[-121.0064,38.25061],[-121.00636,38.25051],[-121.00346,38.24301],[-120.9955,38.2254],[-120.99359,38.22558],[-120.99161,38.22422],[-120.98953,38.22389],[-120.98811,38.22254],[-120.98574,38.22141],[-120.98377,38.22119],[-120.98107,38.22179],[-120.97866,38.22099],[-120.9721,38.21795],[-120.9701,38.21962],[-120.96749,38.22047],[-120.96335,38.2199],[-120.96141,38.22203],[-120.95708,38.22329],[-120.9534,38.22631],[-120.95033,38.22597],[-120.9472,38.22467],[-120.9422,38.22335],[-120.93716,38.22076],[-120.93338,38.22195],[-120.93002,38.225],[-120.92553,38.22763],[-120.91773,38.22999],[-120.91494,38.23004],[-120.91274,38.22947],[-120.90931,38.22748],[-120.90708,38.22516],[-120.90476,38.22452],[-120.90307,38.22256],[-120.89611,38.22121],[-120.89379,38.22128],[-120.89159,38.22311],[-120.88906,38.22719],[-120.8877,38.22835],[-120.88483,38.22903],[-120.88294,38.2307],[-120.88213,38.23274],[-120.88077,38.23361],[-120.88096,38.23887],[-120.88006,38.24061],[-120.87897,38.24084],[-120.87706,38.23968],[-120.87542,38.23977],[-120.87446,38.24196],[-120.8723,38.24244],[-120.86997,38.2444],[-120.86363,38.24605],[-120.86129,38.24621],[-120.85738,38.24736],[-120.85567,38.2483],[-120.85442,38.24992],[-120.85421,38.25288],[-120.85252,38.25565],[-120.85005,38.25725],[-120.84896,38.25879],[-120.84865,38.26112],[-120.84735,38.26242],[-120.84679,38.26427],[-120.84317,38.26444],[-120.84069,38.26538],[-120.83738,38.26722],[-120.83536,38.26744],[-120.83204,38.26915],[-120.82806,38.27189],[-120.82488,38.27455],[-120.82204,38.27545],[-120.81923,38.28207],[-120.81685,38.28392],[-120.81431,38.28351],[-120.81288,38.28178],[-120.81129,38.28144],[-120.81013,38.28201],[-120.80841,38.28588],[-120.80774,38.28872],[-120.80577,38.28804],[-120.80336,38.28887],[-120.8007,38.28713],[-120.79992,38.28604],[-120.79848,38.28559],[-120.79563,38.28687],[-120.79054,38.28859],[-120.78531,38.28892],[-120.779,38.28762],[-120.77484,38.28866],[-120.7715,38.28878],[-120.76729,38.29032],[-120.76186,38.28985],[-120.75968,38.29003],[-120.75775,38.28958],[-120.75633,38.28838],[-120.75444,38.28847],[-120.75324,38.29029],[-120.75169,38.29594],[-120.75034,38.29756],[-120.74592,38.30061],[-120.74214,38.30477],[-120.73829,38.30777],[-120.73463,38.30833],[-120.73288,38.3077],[-120.731,38.30796],[-120.72381,38.31101],[-120.72235,38.31129],[-120.72035,38.31268],[-120.71717,38.3134],[-120.71473,38.31338],[-120.71358,38.3149],[-120.71085,38.31545],[-120.70302,38.31631],[-120.69834,38.31811],[-120.6924,38.31794],[-120.68818,38.31888],[-120.68585,38.32031],[-120.68357,38.32467],[-120.67939,38.32657],[-120.67646,38.32856],[-120.67492,38.33069],[-120.67261,38.32925],[-120.6693,38.33076],[-120.66692,38.33149],[-120.66331,38.33185],[-120.65898,38.33156],[-120.6565,38.33091],[-120.65155,38.33399],[-120.64852,38.33466],[-120.64661,38.33459],[-120.64458,38.33697],[-120.64227,38.33851],[-120.64074,38.339],[-120.63851,38.34084],[-120.63337,38.33984],[-120.63129,38.34026],[-120.63093,38.3411],[-120.63057,38.34373],[-120.6318,38.34557],[-120.62918,38.35036],[-120.62827,38.3554],[-120.6279,38.35583],[-120.62439,38.35752],[-120.62186,38.35736],[-120.61968,38.35773],[-120.61779,38.36102],[-120.61765,38.36363],[-120.61863,38.36507],[-120.61828,38.36686],[-120.61616,38.36798],[-120.61326,38.36825],[-120.61044,38.37001],[-120.61055,38.37198],[-120.61458,38.37283],[-120.61506,38.37492],[-120.61629,38.37619],[-120.61711,38.37824],[-120.61685,38.37908],[-120.61474,38.38061],[-120.61408,38.38251],[-120.61406,38.38544],[-120.61508,38.3887],[-120.61488,38.38941],[-120.61176,38.39069],[-120.61003,38.39257],[-120.60914,38.39672],[-120.60807,38.398],[-120.60578,38.399],[-120.60136,38.39972],[-120.5958,38.39963],[-120.59009,38.39925],[-120.58694,38.40052],[-120.5837,38.40089],[-120.58135,38.4016],[-120.57646,38.40134],[-120.57432,38.40185],[-120.57177,38.40563],[-120.57058,38.40809],[-120.57227,38.4125],[-120.57218,38.41316],[-120.57003,38.41457],[-120.56782,38.415],[-120.56001,38.41506],[-120.55815,38.41629],[-120.55527,38.41677],[-120.55389,38.41835],[-120.55234,38.41827],[-120.55034,38.42028],[-120.54277,38.42182],[-120.5413,38.42291],[-120.53868,38.41939],[-120.5376,38.41852],[-120.53013,38.41888],[-120.52937,38.42065],[-120.52721,38.42293],[-120.52358,38.42265],[-120.52148,38.4248],[-120.52081,38.42645],[-120.51938,38.42768],[-120.51592,38.42891],[-120.51286,38.43163],[-120.50835,38.43715],[-120.50464,38.43938],[-120.5056,38.4437],[-120.50391,38.44471],[-120.50149,38.44432],[-120.4983,38.44436],[-120.49793,38.44528],[-120.4999,38.44646],[-120.49967,38.4477],[-120.49513,38.44962],[-120.49422,38.44901],[-120.49396,38.44723],[-120.49099,38.44629],[-120.48595,38.44565],[-120.48436,38.44586],[-120.48322,38.4468],[-120.47871,38.44689],[-120.47572,38.44811],[-120.47281,38.44811],[-120.47022,38.44749],[-120.46714,38.44884],[-120.46481,38.44807],[-120.46309,38.44656],[-120.4614,38.44617],[-120.45727,38.44906],[-120.45547,38.44977],[-120.45216,38.45011],[-120.44867,38.45245],[-120.44773,38.45354],[-120.44784,38.45613],[-120.44554,38.45797],[-120.44399,38.46147],[-120.44154,38.46311],[-120.43703,38.46438],[-120.43159,38.46718],[-120.42814,38.4693],[-120.42436,38.47202],[-120.42322,38.47332],[-120.41969,38.47312],[-120.41664,38.47358],[-120.41466,38.47308],[-120.41284,38.47081],[-120.41284,38.46878],[-120.40833,38.46912],[-120.40677,38.46891],[-120.40354,38.46747],[-120.39921,38.46672],[-120.39232,38.46738],[-120.38973,38.4672],[-120.3867,38.46623],[-120.3858,38.46509],[-120.38481,38.46228],[-120.38071,38.46104],[-120.37928,38.46107],[-120.37602,38.46257],[-120.37428,38.46273],[-120.37,38.46519],[-120.36492,38.46657],[-120.3621,38.46667],[-120.35365,38.46548],[-120.35158,38.4662],[-120.34265,38.46715],[-120.33814,38.46744],[-120.33319,38.46542],[-120.33104,38.46519],[-120.32804,38.46654],[-120.32227,38.46862],[-120.32034,38.47049],[-120.31911,38.47103],[-120.31015,38.47221],[-120.30656,38.47245],[-120.30456,38.47213],[-120.30114,38.47431],[-120.29374,38.47735],[-120.28865,38.47707],[-120.28379,38.47545],[-120.27765,38.47561],[-120.27518,38.47615],[-120.27283,38.47776],[-120.26954,38.4777],[-120.26489,38.4827],[-120.26342,38.48263],[-120.26249,38.48426],[-120.25993,38.48672],[-120.2571,38.48693],[-120.25464,38.48771],[-120.25238,38.48679],[-120.24728,38.48685],[-120.24463,38.48574],[-120.24087,38.48535],[-120.23692,38.48808],[-120.23555,38.48989],[-120.23366,38.49034],[-120.2304,38.4903],[-120.22603,38.49074],[-120.22054,38.49442],[-120.21742,38.49771],[-120.21422,38.49858],[-120.20941,38.50076],[-120.2057,38.50104],[-120.19822,38.4992],[-120.19365,38.49879],[-120.18859,38.49781],[-120.18631,38.49696],[-120.18341,38.49683],[-120.18005,38.49556],[-120.17789,38.49643],[-120.17486,38.49613],[-120.16922,38.49629],[-120.16432,38.49423],[-120.15724,38.49476],[-120.15582,38.4941],[-120.15352,38.49443],[-120.15213,38.49536],[-120.14671,38.49532],[-120.14376,38.49679],[-120.14248,38.49803],[-120.13939,38.49834],[-120.13672,38.4974],[-120.12884,38.49721],[-120.12519,38.49584],[-120.12344,38.49596],[-120.11786,38.49667],[-120.11716,38.49747],[-120.11413,38.49757],[-120.11151,38.49852],[-120.1108,38.50047],[-120.10955,38.50133],[-120.108,38.50384],[-120.10605,38.50392],[-120.10337,38.50544],[-120.10142,38.50506],[-120.1003,38.504],[-120.09812,38.50436],[-120.09644,38.50609],[-120.09222,38.5075],[-120.08941,38.5064],[-120.08506,38.50722],[-120.08276,38.5083],[-120.08041,38.50743],[-120.07849,38.50873],[-120.07248,38.50987],[-120.07243,38.6778],[-120.07243,38.67979],[-120.07237,38.69936],[-120.07301,38.70128],[-120.07239,38.70277],[-120.0767,38.70112],[-120.08002,38.70031],[-120.08249,38.7006],[-120.08242,38.70203],[-120.07769,38.70213],[-120.07764,38.70889],[-120.09832,38.70903],[-120.09837,38.70396],[-120.09979,38.70454],[-120.103,38.70596],[-120.10593,38.70616],[-120.11085,38.70571],[-120.11201,38.70502],[-120.11286,38.70322],[-120.11599,38.70132],[-120.11764,38.69863],[-120.12222,38.69571],[-120.1229,38.69265],[-120.12425,38.69076],[-120.12337,38.68693],[-120.12146,38.68488],[-120.12018,38.68273],[-120.11706,38.68061],[-120.1167,38.67978],[-120.1191,38.67464],[-120.12194,38.67048],[-120.12207,38.66862],[-120.12309,38.6667],[-120.12616,38.66515],[-120.12886,38.66463],[-120.12958,38.66292],[-120.13223,38.66031],[-120.13334,38.65762],[-120.1351,38.65453],[-120.13447,38.65299],[-120.13192,38.65148],[-120.13172,38.64906],[-120.1357,38.64457],[-120.137,38.64122],[-120.1391,38.63972],[-120.14008,38.63837],[-120.14169,38.63805],[-120.14539,38.63969],[-120.14677,38.63936],[-120.14787,38.6382],[-120.15008,38.63745],[-120.15241,38.63792],[-120.15345,38.63613],[-120.15434,38.63517],[-120.1581,38.63323],[-120.16528,38.63309],[-120.17019,38.63243],[-120.17422,38.63265],[-120.17864,38.63377],[-120.18572,38.63158],[-120.19132,38.63115],[-120.1971,38.6292],[-120.19787,38.62795],[-120.19768,38.6258],[-120.20288,38.62471],[-120.20475,38.62773],[-120.21279,38.62937],[-120.21463,38.62887],[-120.21574,38.62683],[-120.21463,38.62357],[-120.21778,38.62185],[-120.22071,38.62138],[-120.22134,38.61883],[-120.22348,38.61724],[-120.22598,38.61304],[-120.22725,38.60979],[-120.22688,38.60863],[-120.22361,38.60468],[-120.2253,38.60268],[-120.22869,38.6008],[-120.23262,38.60004],[-120.2332,38.59644],[-120.23264,38.59351],[-120.23176,38.59224],[-120.23385,38.58832],[-120.23754,38.58723],[-120.23923,38.58596],[-120.24319,38.58642],[-120.25103,38.58438],[-120.25288,38.58263],[-120.25798,38.58019],[-120.26078,38.57961],[-120.26256,38.57863],[-120.26635,38.57346],[-120.26595,38.57001],[-120.26656,38.56765],[-120.26964,38.56468],[-120.27084,38.56261],[-120.27452,38.55945],[-120.27764,38.55976],[-120.28198,38.55845],[-120.28422,38.55732],[-120.28792,38.55703],[-120.28959,38.55614],[-120.2965,38.55634],[-120.29919,38.55612],[-120.29889,38.55211],[-120.30172,38.54911],[-120.30677,38.54824],[-120.31309,38.54628],[-120.31443,38.54628],[-120.31714,38.54511],[-120.31962,38.5449],[-120.32498,38.54619],[-120.32836,38.54516],[-120.3313,38.54769],[-120.33867,38.54694],[-120.34406,38.5471],[-120.34551,38.54751],[-120.35117,38.54719],[-120.35449,38.54808],[-120.36306,38.54457],[-120.36785,38.54414],[-120.37335,38.54503],[-120.37669,38.54475],[-120.38084,38.54285],[-120.38194,38.54046],[-120.38353,38.53874],[-120.38483,38.53852],[-120.38691,38.54003],[-120.38872,38.54058],[-120.39193,38.53939],[-120.3966,38.53892],[-120.39883,38.53727],[-120.40144,38.5374],[-120.40509,38.53608],[-120.40874,38.53341],[-120.41315,38.53115],[-120.41949,38.53057],[-120.42464,38.53034],[-120.42691,38.52883],[-120.42917,38.52905],[-120.43203,38.52735],[-120.43499,38.5267],[-120.43889,38.52889],[-120.44014,38.5288],[-120.4426,38.52876],[-120.45004,38.52849],[-120.45489,38.52526],[-120.45916,38.52389],[-120.46207,38.52356],[-120.46543,38.52271],[-120.46756,38.52274],[-120.47371,38.52164],[-120.47583,38.52193],[-120.47972,38.52133],[-120.4852,38.52139],[-120.48632,38.52098],[-120.49019,38.51794],[-120.49176,38.51728],[-120.49421,38.51723],[-120.49821,38.5163],[-120.50001,38.51435],[-120.50479,38.51253],[-120.50818,38.51227],[-120.5106,38.51147],[-120.51704,38.51095],[-120.51896,38.51126],[-120.52655,38.51058],[-120.52853,38.50969],[-120.53099,38.51004],[-120.53528,38.50998],[-120.53724,38.50958],[-120.53841,38.51003],[-120.54269,38.50975],[-120.54607,38.51021],[-120.54742,38.51084],[-120.54922,38.51065],[-120.55096,38.51156],[-120.55378,38.51186],[-120.55676,38.51115],[-120.56258,38.5087],[-120.56416,38.5086],[-120.56747,38.50734],[-120.57101,38.50581],[-120.57347,38.50576],[-120.57513,38.50442],[-120.57699,38.50502],[-120.57974,38.50341],[-120.58467,38.50392],[-120.58741,38.50395],[-120.58925,38.50333],[-120.59213,38.5046],[-120.59446,38.50358],[-120.59667,38.50413],[-120.59851,38.50353],[-120.60222,38.50391],[-120.60365,38.50366],[-120.60616,38.50235],[-120.61013,38.50316],[-120.61157,38.50449],[-120.61296,38.50446],[-120.6142,38.50319],[-120.61836,38.50335],[-120.62208,38.50439],[-120.62313,38.50393],[-120.62843,38.5032],[-120.63207,38.50475],[-120.6336,38.50582],[-120.63631,38.50629],[-120.63899,38.50777],[-120.64251,38.50833],[-120.64805,38.51021],[-120.65076,38.51003],[-120.65345,38.51158],[-120.65774,38.51343],[-120.65893,38.51539],[-120.66141,38.51577],[-120.66602,38.51706],[-120.66945,38.51736],[-120.67169,38.51702],[-120.67398,38.51776],[-120.67718,38.51781],[-120.67766,38.52009],[-120.67867,38.52219],[-120.68069,38.5244],[-120.68309,38.52639],[-120.6861,38.52772],[-120.68703,38.52802],[-120.69063,38.5278],[-120.69342,38.52986],[-120.69503,38.53022],[-120.69703,38.53171],[-120.69843,38.53156],[-120.69997,38.53233],[-120.70183,38.5343],[-120.70386,38.53529],[-120.70448,38.53623],[-120.70596,38.53517],[-120.71071,38.53735],[-120.71354,38.53919],[-120.71628,38.5403],[-120.71832,38.54176],[-120.7223,38.54695],[-120.72466,38.54731],[-120.72739,38.54678],[-120.73034,38.54808],[-120.7315,38.54739],[-120.73396,38.54716],[-120.7347,38.54591],[-120.73655,38.54564],[-120.73715,38.54633],[-120.73845,38.5472],[-120.73852,38.54803],[-120.73896,38.54831],[-120.74121,38.5482],[-120.7425,38.5485],[-120.7454,38.54803],[-120.74725,38.54845],[-120.74859,38.54989],[-120.74869,38.55094],[-120.74661,38.55271],[-120.74887,38.5534],[-120.75062,38.55284],[-120.75212,38.55147],[-120.75475,38.55116],[-120.75804,38.55388],[-120.75996,38.55493],[-120.76493,38.55336],[-120.76739,38.55356],[-120.76837,38.55275],[-120.77204,38.55326],[-120.77456,38.55403],[-120.7757,38.55378],[-120.77908,38.55438],[-120.78144,38.55272],[-120.78314,38.5509],[-120.78418,38.55092],[-120.78621,38.55196],[-120.78848,38.55415],[-120.79233,38.55461],[-120.79334,38.55546],[-120.79313,38.55656],[-120.79466,38.55762],[-120.79712,38.55734],[-120.79776,38.55608],[-120.80088,38.55628],[-120.80104,38.55829],[-120.80184,38.5591],[-120.80462,38.55984],[-120.80528,38.55814],[-120.81046,38.55775],[-120.81257,38.55961],[-120.81178,38.56059],[-120.80996,38.56092],[-120.81295,38.56221],[-120.81474,38.56184],[-120.81566,38.56078],[-120.81595,38.55884],[-120.81722,38.55807],[-120.81929,38.55836],[-120.82094,38.55947],[-120.82328,38.55969],[-120.82413,38.55882],[-120.82408,38.55714],[-120.82544,38.55586],[-120.83106,38.55641],[-120.83292,38.55586],[-120.83387,38.55488],[-120.83426,38.55287],[-120.83659,38.55147],[-120.83731,38.55195],[-120.83824,38.55455],[-120.84086,38.55602],[-120.84322,38.55551],[-120.84655,38.55401],[-120.84722,38.55379],[-120.84961,38.55063],[-120.85241,38.5505],[-120.85518,38.54932],[-120.85641,38.54805],[-120.85656,38.54653],[-120.85559,38.54484],[-120.85593,38.54328],[-120.85702,38.5426],[-120.86093,38.54377],[-120.86241,38.54333],[-120.86305,38.54015],[-120.863,38.53597],[-120.86405,38.53526],[-120.86975,38.53586],[-120.87082,38.53618],[-120.87361,38.53827],[-120.8733,38.54173],[-120.87435,38.5431],[-120.87671,38.54297],[-120.87784,38.53992],[-120.87883,38.53914],[-120.88243,38.53757],[-120.88383,38.53626],[-120.88372,38.53517],[-120.88148,38.53254],[-120.88066,38.53086],[-120.8809,38.52916],[-120.88363,38.52591],[-120.88507,38.52507],[-120.88772,38.52445],[-120.88943,38.52469],[-120.88999,38.52695],[-120.89124,38.52829],[-120.89284,38.529],[-120.89517,38.52824],[-120.89815,38.5299],[-120.90237,38.53123],[-120.9054,38.52431],[-120.90875,38.5239],[-120.91098,38.5205],[-120.91546,38.52062],[-120.9192,38.51969],[-120.92207,38.51939],[-120.92334,38.51869],[-120.92383,38.51614],[-120.92638,38.51496],[-120.92745,38.51508],[-120.92984,38.5178],[-120.93173,38.51854],[-120.93495,38.51875],[-120.93642,38.51941],[-120.93634,38.52093],[-120.93768,38.52341],[-120.93747,38.52478],[-120.93896,38.52787],[-120.94132,38.5286],[-120.94356,38.52752],[-120.94455,38.52511],[-120.9457,38.52369],[-120.95253,38.52103],[-120.95419,38.52098],[-120.95584,38.52236],[-120.9576,38.52277],[-120.96457,38.52028],[-120.96834,38.521],[-120.97028,38.52081],[-120.97336,38.51665],[-120.97437,38.516],[-120.97767,38.51573],[-120.9801,38.51516],[-120.98298,38.51545],[-120.98567,38.51648],[-120.9901,38.51615],[-120.99213,38.51457],[-120.99456,38.51364],[-120.99736,38.515],[-120.99994,38.5181],[-121.00174,38.51896],[-121.00531,38.51959],[-121.00733,38.51921],[-121.00967,38.51755],[-121.00951,38.5146],[-121.01137,38.51247],[-121.01313,38.51315],[-121.01502,38.51118],[-121.01704,38.51045],[-121.01931,38.50895],[-121.02112,38.50919],[-121.02554,38.50877],[-121.02751,38.50829],[-121.02747,38.50822],[-121.02741,38.50354]]]}},{"type":"Feature","properties":{"NAME":"Calaveras County","GEOID":"06009","BASENAME":"Calaveras"},"geometry":{"type":"Polygon","coordinates":[[[-120.99359,38.22558],[-120.9955,38.2254],[-120.98645,38.20465],[-120.97534,38.17822],[-120.96918,38.16302],[-120.93885,38.08832],[-120.92645,38.07742],[-120.91868,38.07076],[-120.87605,38.02889],[-120.85251,38.00934],[-120.84993,38.00714],[-120.84474,38.00317],[-120.84115,38.00078],[-120.83278,37.99384],[-120.7939,37.95923],[-120.789,37.95477],[-120.784,37.95096],[-120.78045,37.94773],[-120.77579,37.94304],[-120.77038,37.93881],[-120.76742,37.93612],[-120.75269,37.92333],[-120.751,37.92072],[-120.74734,37.91605],[-120.74462,37.91258],[-120.72867,37.89767],[-120.71938,37.8903],[-120.66084,37.83893],[-120.65994,37.83823],[-120.65521,37.83326],[-120.65343,37.83197],[-120.65327,37.83186],[-120.65324,37.83282],[-120.64865,37.83756],[-120.64659,37.83828],[-120.64344,37.84048],[-120.64271,37.84225],[-120.64369,37.84406],[-120.64151,37.84603],[-120.63916,37.84673],[-120.63738,37.8487],[-120.63791,37.8499],[-120.63797,37.85238],[-120.63689,37.85475],[-120.63571,37.85586],[-120.63548,37.8579],[-120.63379,37.86061],[-120.62768,37.86331],[-120.62597,37.86507],[-120.6238,37.8662],[-120.62271,37.86747],[-120.61697,37.87005],[-120.60903,37.87272],[-120.60474,37.87324],[-120.60452,37.87381],[-120.60544,37.87541],[-120.60507,37.87612],[-120.6046,37.87637],[-120.60014,37.87963],[-120.5963,37.88336],[-120.59716,37.88495],[-120.59737,37.88597],[-120.59588,37.88888],[-120.59001,37.89198],[-120.58856,37.89354],[-120.58775,37.89498],[-120.5843,37.89601],[-120.58129,37.89602],[-120.57298,37.89413],[-120.57135,37.89444],[-120.56816,37.89756],[-120.56699,37.89973],[-120.56655,37.90116],[-120.56436,37.90305],[-120.56298,37.90726],[-120.56253,37.91053],[-120.56287,37.91244],[-120.5622,37.91407],[-120.56111,37.91472],[-120.55663,37.91591],[-120.55515,37.91683],[-120.55338,37.91973],[-120.55111,37.92168],[-120.54728,37.92168],[-120.54402,37.91999],[-120.54235,37.92045],[-120.53985,37.92444],[-120.53726,37.92751],[-120.53725,37.93011],[-120.53945,37.93326],[-120.54002,37.93581],[-120.53944,37.93739],[-120.53674,37.94004],[-120.5366,37.94192],[-120.53524,37.9444],[-120.53399,37.94506],[-120.52988,37.94603],[-120.5238,37.94905],[-120.52221,37.94992],[-120.51675,37.95197],[-120.51495,37.95339],[-120.51344,37.95644],[-120.51335,37.95794],[-120.51509,37.96215],[-120.5176,37.96531],[-120.52477,37.96824],[-120.52641,37.96929],[-120.52767,37.97091],[-120.52797,37.97244],[-120.52757,37.97454],[-120.52829,37.97589],[-120.53113,37.97631],[-120.53869,37.97445],[-120.54232,37.97454],[-120.54327,37.97572],[-120.54285,37.97725],[-120.54115,37.97848],[-120.53636,37.98017],[-120.53182,37.98067],[-120.52812,37.98224],[-120.52775,37.98394],[-120.52994,37.98624],[-120.53428,37.98944],[-120.53499,37.99094],[-120.53277,37.99216],[-120.52994,37.99254],[-120.52519,37.99367],[-120.52165,37.99516],[-120.52051,37.99635],[-120.5204,37.99836],[-120.51886,38.00222],[-120.51618,38.00413],[-120.51352,38.00405],[-120.51109,38.00258],[-120.50929,37.99993],[-120.50969,37.99816],[-120.51401,37.99663],[-120.51355,37.99561],[-120.51078,37.99339],[-120.50919,37.99151],[-120.50577,37.9909],[-120.50452,37.99114],[-120.49982,37.99544],[-120.49937,37.99619],[-120.49928,37.99993],[-120.50016,38.00412],[-120.50044,38.00663],[-120.49982,38.00794],[-120.49672,38.0082],[-120.49342,38.0107],[-120.49206,38.0112],[-120.48972,38.00938],[-120.48689,38.00947],[-120.48368,38.01211],[-120.48172,38.0124],[-120.47795,38.01176],[-120.47378,38.01244],[-120.46851,38.00965],[-120.46503,38.00959],[-120.46375,38.01039],[-120.4628,38.01193],[-120.46385,38.01336],[-120.46734,38.01359],[-120.46843,38.01434],[-120.46968,38.01645],[-120.46884,38.01965],[-120.46453,38.02109],[-120.46213,38.02237],[-120.46164,38.02338],[-120.46147,38.02691],[-120.46104,38.02784],[-120.45775,38.03155],[-120.45492,38.03753],[-120.45396,38.03821],[-120.45394,38.04135],[-120.44822,38.04652],[-120.44628,38.04778],[-120.44345,38.05166],[-120.44348,38.05572],[-120.44253,38.05874],[-120.44007,38.0606],[-120.43807,38.06089],[-120.43299,38.05953],[-120.43125,38.06051],[-120.43056,38.06971],[-120.43125,38.07284],[-120.43082,38.07339],[-120.42674,38.0727],[-120.42437,38.0732],[-120.42425,38.0757],[-120.42153,38.07875],[-120.41864,38.0806],[-120.41617,38.08064],[-120.41463,38.08191],[-120.41459,38.08396],[-120.4119,38.08602],[-120.4106,38.08788],[-120.4104,38.09243],[-120.40944,38.0952],[-120.41051,38.09993],[-120.41001,38.1024],[-120.40837,38.1039],[-120.40192,38.10783],[-120.39587,38.10989],[-120.38796,38.11524],[-120.38622,38.11824],[-120.38576,38.12094],[-120.38443,38.12362],[-120.38403,38.12565],[-120.38252,38.12757],[-120.37878,38.12977],[-120.37809,38.13208],[-120.3787,38.13391],[-120.37803,38.13556],[-120.3749,38.13601],[-120.37267,38.13675],[-120.3714,38.13787],[-120.37108,38.14018],[-120.37235,38.14114],[-120.37603,38.14192],[-120.3762,38.14265],[-120.37264,38.14663],[-120.37151,38.14992],[-120.36882,38.15223],[-120.36757,38.15281],[-120.35754,38.15388],[-120.35792,38.15809],[-120.36021,38.15953],[-120.36032,38.16035],[-120.35679,38.16298],[-120.35357,38.16378],[-120.3505,38.16982],[-120.34835,38.17071],[-120.34482,38.17012],[-120.34093,38.17163],[-120.34021,38.17293],[-120.34096,38.17483],[-120.33995,38.17819],[-120.33725,38.17805],[-120.33745,38.1805],[-120.33971,38.18311],[-120.33951,38.18391],[-120.33626,38.18439],[-120.33553,38.18496],[-120.33565,38.18793],[-120.33321,38.188],[-120.33185,38.1889],[-120.33173,38.19031],[-120.33014,38.19388],[-120.33042,38.19498],[-120.32683,38.1958],[-120.32567,38.19873],[-120.3219,38.20133],[-120.32053,38.20424],[-120.3185,38.20588],[-120.31725,38.20726],[-120.31722,38.20881],[-120.31583,38.21076],[-120.31591,38.2121],[-120.31211,38.21581],[-120.3102,38.21842],[-120.30819,38.22207],[-120.30758,38.22443],[-120.30363,38.22701],[-120.30198,38.22944],[-120.29417,38.23243],[-120.29124,38.234],[-120.2906,38.23528],[-120.29025,38.23805],[-120.29057,38.23952],[-120.29036,38.24388],[-120.28922,38.24656],[-120.28655,38.24782],[-120.28614,38.24976],[-120.28422,38.25159],[-120.28219,38.25212],[-120.27972,38.25493],[-120.27734,38.25669],[-120.27591,38.25882],[-120.27356,38.25902],[-120.27243,38.25977],[-120.27243,38.26218],[-120.27399,38.26437],[-120.27379,38.26543],[-120.2719,38.26764],[-120.27101,38.27028],[-120.27018,38.27112],[-120.266,38.27258],[-120.26489,38.27425],[-120.26048,38.27806],[-120.25806,38.28323],[-120.25637,38.28575],[-120.25451,38.28677],[-120.25187,38.28702],[-120.24984,38.28869],[-120.24697,38.2902],[-120.24277,38.29318],[-120.23987,38.29579],[-120.23799,38.29842],[-120.23727,38.30155],[-120.23457,38.30364],[-120.23432,38.30439],[-120.23382,38.30643],[-120.23156,38.30746],[-120.22875,38.31439],[-120.22535,38.31579],[-120.22452,38.31819],[-120.22266,38.31982],[-120.21697,38.32145],[-120.21108,38.32456],[-120.20893,38.32674],[-120.20516,38.32965],[-120.20371,38.33255],[-120.20154,38.33464],[-120.19988,38.33923],[-120.19759,38.34216],[-120.19617,38.34285],[-120.19617,38.34459],[-120.19478,38.34635],[-120.1933,38.34937],[-120.19124,38.34985],[-120.19014,38.35276],[-120.18988,38.35596],[-120.18822,38.35759],[-120.1848,38.35882],[-120.18419,38.36086],[-120.18251,38.36374],[-120.18225,38.36614],[-120.18094,38.36809],[-120.17844,38.37022],[-120.17647,38.37125],[-120.17618,38.37401],[-120.17403,38.37363],[-120.17362,38.3755],[-120.17051,38.37591],[-120.16677,38.37976],[-120.16267,38.38093],[-120.16122,38.3809],[-120.15854,38.38529],[-120.15532,38.3869],[-120.15308,38.38694],[-120.14895,38.38887],[-120.14657,38.39037],[-120.14582,38.39163],[-120.14099,38.39401],[-120.13736,38.39317],[-120.13663,38.39486],[-120.13492,38.39653],[-120.13274,38.39683],[-120.12884,38.39575],[-120.12695,38.39639],[-120.12163,38.39948],[-120.12064,38.39948],[-120.11559,38.40119],[-120.11257,38.40078],[-120.1082,38.40206],[-120.10745,38.40117],[-120.10515,38.40087],[-120.09902,38.40153],[-120.09777,38.40288],[-120.09018,38.40375],[-120.08791,38.40338],[-120.08535,38.40592],[-120.08216,38.40846],[-120.08085,38.4101],[-120.07742,38.41067],[-120.0757,38.41209],[-120.07471,38.4114],[-120.07326,38.41202],[-120.07357,38.41358],[-120.06974,38.41348],[-120.0679,38.41549],[-120.06541,38.41476],[-120.06392,38.41494],[-120.06261,38.41652],[-120.05982,38.41716],[-120.05709,38.41711],[-120.05575,38.4186],[-120.05374,38.41921],[-120.04903,38.41937],[-120.0483,38.42063],[-120.04589,38.42229],[-120.04277,38.42298],[-120.04056,38.42593],[-120.0385,38.42597],[-120.03643,38.42462],[-120.02992,38.42468],[-120.02925,38.42505],[-120.02797,38.4264],[-120.02387,38.42932],[-120.02311,38.43087],[-120.02107,38.43183],[-120.01995,38.43352],[-120.02278,38.43523],[-120.05358,38.45555],[-120.05514,38.45506],[-120.05637,38.45343],[-120.06475,38.45046],[-120.06683,38.4481],[-120.07067,38.4479],[-120.07257,38.44708],[-120.07251,38.47815],[-120.07248,38.50987],[-120.07849,38.50873],[-120.08041,38.50743],[-120.08276,38.5083],[-120.08506,38.50722],[-120.08941,38.5064],[-120.09222,38.5075],[-120.09644,38.50609],[-120.09812,38.50436],[-120.1003,38.504],[-120.10142,38.50506],[-120.10337,38.50544],[-120.10605,38.50392],[-120.108,38.50384],[-120.10955,38.50133],[-120.1108,38.50047],[-120.11151,38.49852],[-120.11413,38.49757],[-120.11716,38.49747],[-120.11786,38.49667],[-120.12344,38.49596],[-120.12519,38.49584],[-120.12884,38.49721],[-120.13672,38.4974],[-120.13939,38.49834],[-120.14248,38.49803],[-120.14376,38.49679],[-120.14671,38.49532],[-120.15213,38.49536],[-120.15352,38.49443],[-120.15582,38.4941],[-120.15724,38.49476],[-120.16432,38.49423],[-120.16922,38.49629],[-120.17486,38.49613],[-120.17789,38.49643],[-120.18005,38.49556],[-120.18341,38.49683],[-120.18631,38.49696],[-120.18859,38.49781],[-120.19365,38.49879],[-120.19822,38.4992],[-120.2057,38.50104],[-120.20941,38.50076],[-120.21422,38.49858],[-120.21742,38.49771],[-120.22054,38.49442],[-120.22603,38.49074],[-120.2304,38.4903],[-120.23366,38.49034],[-120.23555,38.48989],[-120.23692,38.48808],[-120.24087,38.48535],[-120.24463,38.48574],[-120.24728,38.48685],[-120.25238,38.48679],[-120.25464,38.48771],[-120.2571,38.48693],[-120.25993,38.48672],[-120.26249,38.48426],[-120.26342,38.48263],[-120.26489,38.4827],[-120.26954,38.4777],[-120.27283,38.47776],[-120.27518,38.47615],[-120.27765,38.47561],[-120.28379,38.47545],[-120.28865,38.47707],[-120.29374,38.47735],[-120.30114,38.47431],[-120.30456,38.47213],[-120.30656,38.47245],[-120.31015,38.47221],[-120.31911,38.47103],[-120.32034,38.47049],[-120.32227,38.46862],[-120.32804,38.46654],[-120.33104,38.46519],[-120.33319,38.46542],[-120.33814,38.46744],[-120.34265,38.46715],[-120.35158,38.4662],[-120.35365,38.46548],[-120.3621,38.46667],[-120.36492,38.46657],[-120.37,38.46519],[-120.37428,38.46273],[-120.37602,38.46257],[-120.37928,38.46107],[-120.38071,38.46104],[-120.38481,38.46228],[-120.3858,38.46509],[-120.3867,38.46623],[-120.38973,38.4672],[-120.39232,38.46738],[-120.39921,38.46672],[-120.40354,38.46747],[-120.40677,38.46891],[-120.40833,38.46912],[-120.41284,38.46878],[-120.41284,38.47081],[-120.41466,38.47308],[-120.41664,38.47358],[-120.41969,38.47312],[-120.42322,38.47332],[-120.42436,38.47202],[-120.42814,38.4693],[-120.43159,38.46718],[-120.43703,38.46438],[-120.44154,38.46311],[-120.44399,38.46147],[-120.44554,38.45797],[-120.44784,38.45613],[-120.44773,38.45354],[-120.44867,38.45245],[-120.45216,38.45011],[-120.45547,38.44977],[-120.45727,38.44906],[-120.4614,38.44617],[-120.46309,38.44656],[-120.46481,38.44807],[-120.46714,38.44884],[-120.47022,38.44749],[-120.47281,38.44811],[-120.47572,38.44811],[-120.47871,38.44689],[-120.48322,38.4468],[-120.48436,38.44586],[-120.48595,38.44565],[-120.49099,38.44629],[-120.49396,38.44723],[-120.49422,38.44901],[-120.49513,38.44962],[-120.49967,38.4477],[-120.4999,38.44646],[-120.49793,38.44528],[-120.4983,38.44436],[-120.50149,38.44432],[-120.50391,38.44471],[-120.5056,38.4437],[-120.50464,38.43938],[-120.50835,38.43715],[-120.51286,38.43163],[-120.51592,38.42891],[-120.51938,38.42768],[-120.52081,38.42645],[-120.52148,38.4248],[-120.52358,38.42265],[-120.52721,38.42293],[-120.52937,38.42065],[-120.53013,38.41888],[-120.5376,38.41852],[-120.53868,38.41939],[-120.5413,38.42291],[-120.54277,38.42182],[-120.55034,38.42028],[-120.55234,38.41827],[-120.55389,38.41835],[-120.55527,38.41677],[-120.55815,38.41629],[-120.56001,38.41506],[-120.56782,38.415],[-120.57003,38.41457],[-120.57218,38.41316],[-120.57227,38.4125],[-120.57058,38.40809],[-120.57177,38.40563],[-120.57432,38.40185],[-120.57646,38.40134],[-120.58135,38.4016],[-120.5837,38.40089],[-120.58694,38.40052],[-120.59009,38.39925],[-120.5958,38.39963],[-120.60136,38.39972],[-120.60578,38.399],[-120.60807,38.398],[-120.60914,38.39672],[-120.61003,38.39257],[-120.61176,38.39069],[-120.61488,38.38941],[-120.61508,38.3887],[-120.61406,38.38544],[-120.61408,38.38251],[-120.61474,38.38061],[-120.61685,38.37908],[-120.61711,38.37824],[-120.61629,38.37619],[-120.61506,38.37492],[-120.61458,38.37283],[-120.61055,38.37198],[-120.61044,38.37001],[-120.61326,38.36825],[-120.61616,38.36798],[-120.61828,38.36686],[-120.61863,38.36507],[-120.61765,38.36363],[-120.61779,38.36102],[-120.61968,38.35773],[-120.62186,38.35736],[-120.62439,38.35752],[-120.6279,38.35583],[-120.62827,38.3554],[-120.62918,38.35036],[-120.6318,38.34557],[-120.63057,38.34373],[-120.63093,38.3411],[-120.63129,38.34026],[-120.63337,38.33984],[-120.63851,38.34084],[-120.64074,38.339],[-120.64227,38.33851],[-120.64458,38.33697],[-120.64661,38.33459],[-120.64852,38.33466],[-120.65155,38.33399],[-120.6565,38.33091],[-120.65898,38.33156],[-120.66331,38.33185],[-120.66692,38.33149],[-120.6693,38.33076],[-120.67261,38.32925],[-120.67492,38.33069],[-120.67646,38.32856],[-120.67939,38.32657],[-120.68357,38.32467],[-120.68585,38.32031],[-120.68818,38.31888],[-120.6924,38.31794],[-120.69834,38.31811],[-120.70302,38.31631],[-120.71085,38.31545],[-120.71358,38.3149],[-120.71473,38.31338],[-120.71717,38.3134],[-120.72035,38.31268],[-120.72235,38.31129],[-120.72381,38.31101],[-120.731,38.30796],[-120.73288,38.3077],[-120.73463,38.30833],[-120.73829,38.30777],[-120.74214,38.30477],[-120.74592,38.30061],[-120.75034,38.29756],[-120.75169,38.29594],[-120.75324,38.29029],[-120.75444,38.28847],[-120.75633,38.28838],[-120.75775,38.28958],[-120.75968,38.29003],[-120.76186,38.28985],[-120.76729,38.29032],[-120.7715,38.28878],[-120.77484,38.28866],[-120.779,38.28762],[-120.78531,38.28892],[-120.79054,38.28859],[-120.79563,38.28687],[-120.79848,38.28559],[-120.79992,38.28604],[-120.8007,38.28713],[-120.80336,38.28887],[-120.80577,38.28804],[-120.80774,38.28872],[-120.80841,38.28588],[-120.81013,38.28201],[-120.81129,38.28144],[-120.81288,38.28178],[-120.81431,38.28351],[-120.81685,38.28392],[-120.81923,38.28207],[-120.82204,38.27545],[-120.82488,38.27455],[-120.82806,38.27189],[-120.83204,38.26915],[-120.83536,38.26744],[-120.83738,38.26722],[-120.84069,38.26538],[-120.84317,38.26444],[-120.84679,38.26427],[-120.84735,38.26242],[-120.84865,38.26112],[-120.84896,38.25879],[-120.85005,38.25725],[-120.85252,38.25565],[-120.85421,38.25288],[-120.85442,38.24992],[-120.85567,38.2483],[-120.85738,38.24736],[-120.86129,38.24621],[-120.86363,38.24605],[-120.86997,38.2444],[-120.8723,38.24244],[-120.87446,38.24196],[-120.87542,38.23977],[-120.87706,38.23968],[-120.87897,38.24084],[-120.88006,38.24061],[-120.88096,38.23887],[-120.88077,38.23361],[-120.88213,38.23274],[-120.88294,38.2307],[-120.88483,38.22903],[-120.8877,38.22835],[-120.88906,38.22719],[-120.89159,38.22311],[-120.89379,38.22128],[-120.89611,38.22121],[-120.90307,38.22256],[-120.90476,38.22452],[-120.90708,38.22516],[-120.90931,38.22748],[-120.91274,38.22947],[-120.91494,38.23004],[-120.91773,38.22999],[-120.92553,38.22763],[-120.93002,38.225],[-120.93338,38.22195],[-120.93716,38.22076],[-120.9422,38.22335],[-120.9472,38.22467],[-120.95033,38.22597],[-120.9534,38.22631],[-120.95708,38.22329],[-120.96141,38.22203],[-120.96335,38.2199],[-120.96749,38.22047],[-120.9701,38.21962],[-120.9721,38.21795],[-120.97866,38.22099],[-120.98107,38.22179],[-120.98377,38.22119],[-120.98574,38.22141],[-120.98811,38.22254],[-120.98953,38.22389],[-120.99161,38.22422],[-120.99359,38.22558]]]}},{"type":"Feature","properties":{"NAME":"El Dorado County","GEOID":"06017","BASENAME":"El Dorado"},"geometry":{"type":"Polygon","coordinates":[[[-121.1416,38.71194],[-121.1392,38.71064],[-121.13822,38.70823],[-121.13533,38.70743],[-121.13378,38.70539],[-121.13075,38.70638],[-121.12961,38.70821],[-121.12718,38.70902],[-121.12632,38.70988],[-121.12403,38.71047],[-121.12134,38.71418],[-121.1192,38.71508],[-121.11866,38.71707],[-121.11065,38.70042],[-121.10985,38.69877],[-121.10536,38.68928],[-121.10336,38.68509],[-121.09823,38.67437],[-121.09518,38.66796],[-121.08948,38.65623],[-121.08556,38.6481],[-121.08543,38.64783],[-121.0793,38.63286],[-121.07909,38.63227],[-121.07266,38.61407],[-121.07047,38.60759],[-121.06015,38.58379],[-121.04738,38.55404],[-121.04713,38.55365],[-121.04137,38.54075],[-121.03962,38.53708],[-121.02751,38.50829],[-121.02554,38.50877],[-121.02112,38.50919],[-121.01931,38.50895],[-121.01704,38.51045],[-121.01502,38.51118],[-121.01313,38.51315],[-121.01137,38.51247],[-121.00951,38.5146],[-121.00967,38.51755],[-121.00733,38.51921],[-121.00531,38.51959],[-121.00174,38.51896],[-120.99994,38.5181],[-120.99736,38.515],[-120.99456,38.51364],[-120.99213,38.51457],[-120.9901,38.51615],[-120.98567,38.51648],[-120.98298,38.51545],[-120.9801,38.51516],[-120.97767,38.51573],[-120.97437,38.516],[-120.97336,38.51665],[-120.97028,38.52081],[-120.96834,38.521],[-120.96457,38.52028],[-120.9576,38.52277],[-120.95584,38.52236],[-120.95419,38.52098],[-120.95253,38.52103],[-120.9457,38.52369],[-120.94455,38.52511],[-120.94356,38.52752],[-120.94132,38.5286],[-120.93896,38.52787],[-120.93747,38.52478],[-120.93768,38.52341],[-120.93634,38.52093],[-120.93642,38.51941],[-120.93495,38.51875],[-120.93173,38.51854],[-120.92984,38.5178],[-120.92745,38.51508],[-120.92638,38.51496],[-120.92383,38.51614],[-120.92334,38.51869],[-120.92207,38.51939],[-120.9192,38.51969],[-120.91546,38.52062],[-120.91098,38.5205],[-120.90875,38.5239],[-120.9054,38.52431],[-120.90237,38.53123],[-120.89815,38.5299],[-120.89517,38.52824],[-120.89284,38.529],[-120.89124,38.52829],[-120.88999,38.52695],[-120.88943,38.52469],[-120.88772,38.52445],[-120.88507,38.52507],[-120.88363,38.52591],[-120.8809,38.52916],[-120.88066,38.53086],[-120.88148,38.53254],[-120.88372,38.53517],[-120.88383,38.53626],[-120.88243,38.53757],[-120.87883,38.53914],[-120.87784,38.53992],[-120.87671,38.54297],[-120.87435,38.5431],[-120.8733,38.54173],[-120.87361,38.53827],[-120.87082,38.53618],[-120.86975,38.53586],[-120.86405,38.53526],[-120.863,38.53597],[-120.86305,38.54015],[-120.86241,38.54333],[-120.86093,38.54377],[-120.85702,38.5426],[-120.85593,38.54328],[-120.85559,38.54484],[-120.85656,38.54653],[-120.85641,38.54805],[-120.85518,38.54932],[-120.85241,38.5505],[-120.84961,38.55063],[-120.84722,38.55379],[-120.84655,38.55401],[-120.84322,38.55551],[-120.84086,38.55602],[-120.83824,38.55455],[-120.83731,38.55195],[-120.83659,38.55147],[-120.83426,38.55287],[-120.83387,38.55488],[-120.83292,38.55586],[-120.83106,38.55641],[-120.82544,38.55586],[-120.82408,38.55714],[-120.82413,38.55882],[-120.82328,38.55969],[-120.82094,38.55947],[-120.81929,38.55836],[-120.81722,38.55807],[-120.81595,38.55884],[-120.81566,38.56078],[-120.81474,38.56184],[-120.81295,38.56221],[-120.80996,38.56092],[-120.81178,38.56059],[-120.81257,38.55961],[-120.81046,38.55775],[-120.80528,38.55814],[-120.80462,38.55984],[-120.80184,38.5591],[-120.80104,38.55829],[-120.80088,38.55628],[-120.79776,38.55608],[-120.79712,38.55734],[-120.79466,38.55762],[-120.79313,38.55656],[-120.79334,38.55546],[-120.79233,38.55461],[-120.78848,38.55415],[-120.78621,38.55196],[-120.78418,38.55092],[-120.78314,38.5509],[-120.78144,38.55272],[-120.77908,38.55438],[-120.7757,38.55378],[-120.77456,38.55403],[-120.77204,38.55326],[-120.76837,38.55275],[-120.76739,38.55356],[-120.76493,38.55336],[-120.75996,38.55493],[-120.75804,38.55388],[-120.75475,38.55116],[-120.75212,38.55147],[-120.75062,38.55284],[-120.74887,38.5534],[-120.74661,38.55271],[-120.74869,38.55094],[-120.74859,38.54989],[-120.74725,38.54845],[-120.7454,38.54803],[-120.7425,38.5485],[-120.74121,38.5482],[-120.73896,38.54831],[-120.73852,38.54803],[-120.73845,38.5472],[-120.73715,38.54633],[-120.73655,38.54564],[-120.7347,38.54591],[-120.73396,38.54716],[-120.7315,38.54739],[-120.73034,38.54808],[-120.72739,38.54678],[-120.72466,38.54731],[-120.7223,38.54695],[-120.71832,38.54176],[-120.71628,38.5403],[-120.71354,38.53919],[-120.71071,38.53735],[-120.70596,38.53517],[-120.70448,38.53623],[-120.70386,38.53529],[-120.70183,38.5343],[-120.69997,38.53233],[-120.69843,38.53156],[-120.69703,38.53171],[-120.69503,38.53022],[-120.69342,38.52986],[-120.69063,38.5278],[-120.68703,38.52802],[-120.6861,38.52772],[-120.68309,38.52639],[-120.68069,38.5244],[-120.67867,38.52219],[-120.67766,38.52009],[-120.67718,38.51781],[-120.67398,38.51776],[-120.67169,38.51702],[-120.66945,38.51736],[-120.66602,38.51706],[-120.66141,38.51577],[-120.65893,38.51539],[-120.65774,38.51343],[-120.65345,38.51158],[-120.65076,38.51003],[-120.64805,38.51021],[-120.64251,38.50833],[-120.63899,38.50777],[-120.63631,38.50629],[-120.6336,38.50582],[-120.63207,38.50475],[-120.62843,38.5032],[-120.62313,38.50393],[-120.62208,38.50439],[-120.61836,38.50335],[-120.6142,38.50319],[-120.61296,38.50446],[-120.61157,38.50449],[-120.61013,38.50316],[-120.60616,38.50235],[-120.60365,38.50366],[-120.60222,38.50391],[-120.59851,38.50353],[-120.59667,38.50413],[-120.59446,38.50358],[-120.59213,38.5046],[-120.58925,38.50333],[-120.58741,38.50395],[-120.58467,38.50392],[-120.57974,38.50341],[-120.57699,38.50502],[-120.57513,38.50442],[-120.57347,38.50576],[-120.57101,38.50581],[-120.56747,38.50734],[-120.56416,38.5086],[-120.56258,38.5087],[-120.55676,38.51115],[-120.55378,38.51186],[-120.55096,38.51156],[-120.54922,38.51065],[-120.54742,38.51084],[-120.54607,38.51021],[-120.54269,38.50975],[-120.53841,38.51003],[-120.53724,38.50958],[-120.53528,38.50998],[-120.53099,38.51004],[-120.52853,38.50969],[-120.52655,38.51058],[-120.51896,38.51126],[-120.51704,38.51095],[-120.5106,38.51147],[-120.50818,38.51227],[-120.50479,38.51253],[-120.50001,38.51435],[-120.49821,38.5163],[-120.49421,38.51723],[-120.49176,38.51728],[-120.49019,38.51794],[-120.48632,38.52098],[-120.4852,38.52139],[-120.47972,38.52133],[-120.47583,38.52193],[-120.47371,38.52164],[-120.46756,38.52274],[-120.46543,38.52271],[-120.46207,38.52356],[-120.45916,38.52389],[-120.45489,38.52526],[-120.45004,38.52849],[-120.4426,38.52876],[-120.44014,38.5288],[-120.43889,38.52889],[-120.43499,38.5267],[-120.43203,38.52735],[-120.42917,38.52905],[-120.42691,38.52883],[-120.42464,38.53034],[-120.41949,38.53057],[-120.41315,38.53115],[-120.40874,38.53341],[-120.40509,38.53608],[-120.40144,38.5374],[-120.39883,38.53727],[-120.3966,38.53892],[-120.39193,38.53939],[-120.38872,38.54058],[-120.38691,38.54003],[-120.38483,38.53852],[-120.38353,38.53874],[-120.38194,38.54046],[-120.38084,38.54285],[-120.37669,38.54475],[-120.37335,38.54503],[-120.36785,38.54414],[-120.36306,38.54457],[-120.35449,38.54808],[-120.35117,38.54719],[-120.34551,38.54751],[-120.34406,38.5471],[-120.33867,38.54694],[-120.3313,38.54769],[-120.32836,38.54516],[-120.32498,38.54619],[-120.31962,38.5449],[-120.31714,38.54511],[-120.31443,38.54628],[-120.31309,38.54628],[-120.30677,38.54824],[-120.30172,38.54911],[-120.29889,38.55211],[-120.29919,38.55612],[-120.2965,38.55634],[-120.28959,38.55614],[-120.28792,38.55703],[-120.28422,38.55732],[-120.28198,38.55845],[-120.27764,38.55976],[-120.27452,38.55945],[-120.27084,38.56261],[-120.26964,38.56468],[-120.26656,38.56765],[-120.26595,38.57001],[-120.26635,38.57346],[-120.26256,38.57863],[-120.26078,38.57961],[-120.25798,38.58019],[-120.25288,38.58263],[-120.25103,38.58438],[-120.24319,38.58642],[-120.23923,38.58596],[-120.23754,38.58723],[-120.23385,38.58832],[-120.23176,38.59224],[-120.23264,38.59351],[-120.2332,38.59644],[-120.23262,38.60004],[-120.22869,38.6008],[-120.2253,38.60268],[-120.22361,38.60468],[-120.22688,38.60863],[-120.22725,38.60979],[-120.22598,38.61304],[-120.22348,38.61724],[-120.22134,38.61883],[-120.22071,38.62138],[-120.21778,38.62185],[-120.21463,38.62357],[-120.21574,38.62683],[-120.21463,38.62887],[-120.21279,38.62937],[-120.20475,38.62773],[-120.20288,38.62471],[-120.19768,38.6258],[-120.19787,38.62795],[-120.1971,38.6292],[-120.19132,38.63115],[-120.18572,38.63158],[-120.17864,38.63377],[-120.17422,38.63265],[-120.17019,38.63243],[-120.16528,38.63309],[-120.1581,38.63323],[-120.15434,38.63517],[-120.15345,38.63613],[-120.15241,38.63792],[-120.15008,38.63745],[-120.14787,38.6382],[-120.14677,38.63936],[-120.14539,38.63969],[-120.14169,38.63805],[-120.14008,38.63837],[-120.1391,38.63972],[-120.137,38.64122],[-120.1357,38.64457],[-120.13172,38.64906],[-120.13192,38.65148],[-120.13447,38.65299],[-120.1351,38.65453],[-120.13334,38.65762],[-120.13223,38.66031],[-120.12958,38.66292],[-120.12886,38.66463],[-120.12616,38.66515],[-120.12309,38.6667],[-120.12207,38.66862],[-120.12194,38.67048],[-120.1191,38.67464],[-120.1167,38.67978],[-120.11706,38.68061],[-120.12018,38.68273],[-120.12146,38.68488],[-120.12337,38.68693],[-120.12425,38.69076],[-120.1229,38.69265],[-120.12222,38.69571],[-120.11764,38.69863],[-120.11599,38.70132],[-120.11286,38.70322],[-120.11201,38.70502],[-120.11085,38.70571],[-120.10593,38.70616],[-120.103,38.70596],[-120.09979,38.70454],[-120.09837,38.70396],[-120.09832,38.70903],[-120.07764,38.70889],[-120.07769,38.70213],[-120.08242,38.70203],[-120.08249,38.7006],[-120.08002,38.70031],[-120.0767,38.70112],[-120.07239,38.70277],[-120.06762,38.70601],[-120.0327,38.72978],[-120.00507,38.74861],[-120.00348,38.74991],[-119.96495,38.77599],[-119.96212,38.77663],[-119.95946,38.77866],[-119.95521,38.77867],[-119.95255,38.78048],[-119.94793,38.78164],[-119.94785,38.78486],[-119.94577,38.78769],[-119.94312,38.78893],[-119.94142,38.79223],[-119.93977,38.79356],[-119.93995,38.79532],[-119.94375,38.79664],[-119.94311,38.80125],[-119.94211,38.80311],[-119.94095,38.8034],[-119.93919,38.80521],[-119.93607,38.80728],[-119.93536,38.80889],[-119.93152,38.81214],[-119.93175,38.81414],[-119.92579,38.81933],[-119.92186,38.82096],[-119.92139,38.82234],[-119.9238,38.82495],[-119.923,38.8269],[-119.92343,38.82858],[-119.92271,38.82996],[-119.92075,38.83077],[-119.91532,38.8317],[-119.91186,38.83269],[-119.90849,38.83435],[-119.90821,38.83834],[-119.90854,38.84613],[-119.90727,38.84875],[-119.90678,38.85466],[-119.90631,38.85551],[-119.90499,38.85638],[-119.90076,38.85741],[-119.89524,38.85656],[-119.89191,38.85734],[-119.8902,38.8591],[-119.88828,38.85984],[-119.8803,38.86478],[-119.87775,38.86831],[-119.87729,38.87019],[-119.8779,38.87358],[-119.87936,38.87531],[-119.88264,38.87576],[-119.8847,38.87651],[-119.88678,38.87825],[-119.88876,38.87898],[-119.88281,38.88099],[-119.88236,38.8831],[-119.87952,38.88702],[-119.8804,38.88809],[-119.88101,38.89086],[-119.88449,38.89421],[-119.88351,38.89566],[-119.88193,38.89632],[-119.87986,38.89942],[-119.88209,38.90361],[-119.88326,38.90452],[-119.88317,38.90717],[-119.88404,38.91018],[-119.88606,38.91307],[-119.88584,38.91453],[-119.88731,38.91794],[-119.88963,38.91884],[-119.89155,38.91814],[-119.89664,38.92103],[-119.89761,38.92277],[-119.89933,38.92301],[-119.90148,38.92481],[-119.90337,38.92755],[-119.9054,38.92834],[-119.90435,38.93111],[-119.90431,38.93332],[-119.90557,38.93419],[-119.91462,38.94039],[-119.93583,38.95492],[-119.93876,38.95692],[-119.94207,38.95919],[-119.94957,38.96433],[-119.95129,38.96551],[-119.95137,38.96556],[-120.00101,38.99957],[-120.00246,39.06749],[-120.04386,39.06748],[-120.12194,39.06733],[-120.12564,39.06729],[-120.12603,39.06746],[-120.13894,39.06742],[-120.14366,39.06728],[-120.1436,39.0602],[-120.15302,39.06033],[-120.15301,39.05508],[-120.153,39.05328],[-120.15298,39.04581],[-120.16496,39.04579],[-120.16503,39.03848],[-120.18356,39.03837],[-120.18443,39.03101],[-120.24016,39.03089],[-120.24041,39.02367],[-120.25102,39.02473],[-120.25907,39.02474],[-120.25937,39.02346],[-120.30972,39.02343],[-120.32812,39.02243],[-120.37388,39.02462],[-120.37603,39.02449],[-120.41225,39.02646],[-120.4353,39.02816],[-120.4375,39.02715],[-120.43917,39.02421],[-120.44237,39.02278],[-120.44292,39.02103],[-120.44521,39.01759],[-120.44497,39.01526],[-120.44559,39.01278],[-120.44538,39.01007],[-120.44612,39.00831],[-120.44889,39.00668],[-120.44968,39.00525],[-120.4496,39.00225],[-120.45068,38.99938],[-120.45249,38.99832],[-120.45383,38.99487],[-120.45275,38.99338],[-120.45232,38.99148],[-120.45112,38.98957],[-120.4515,38.98794],[-120.45283,38.98726],[-120.45732,38.98625],[-120.45964,38.985],[-120.46136,38.98119],[-120.46175,38.97844],[-120.46347,38.97614],[-120.46457,38.97389],[-120.4666,38.97194],[-120.4685,38.97139],[-120.4704,38.96886],[-120.47099,38.96551],[-120.47478,38.96438],[-120.47605,38.9635],[-120.47927,38.96002],[-120.48014,38.95976],[-120.48328,38.96021],[-120.48618,38.95862],[-120.48613,38.95743],[-120.48607,38.9562],[-120.48748,38.95457],[-120.48769,38.95219],[-120.49119,38.95065],[-120.49274,38.94915],[-120.49296,38.94708],[-120.49175,38.9452],[-120.49301,38.94314],[-120.4961,38.94184],[-120.50104,38.94177],[-120.5029,38.94081],[-120.50398,38.93842],[-120.50484,38.93522],[-120.51076,38.93415],[-120.51235,38.93119],[-120.51685,38.93159],[-120.51878,38.93069],[-120.52285,38.93033],[-120.5245,38.93122],[-120.52735,38.93158],[-120.52903,38.93019],[-120.53229,38.92908],[-120.53449,38.92601],[-120.53704,38.92606],[-120.54065,38.92676],[-120.54284,38.92754],[-120.54537,38.92667],[-120.54609,38.9207],[-120.54948,38.92017],[-120.55215,38.92059],[-120.55406,38.91949],[-120.55632,38.91516],[-120.5591,38.91577],[-120.56151,38.91442],[-120.56426,38.91364],[-120.56776,38.91477],[-120.56879,38.91401],[-120.57235,38.9144],[-120.57402,38.91584],[-120.57886,38.91659],[-120.57951,38.91724],[-120.58054,38.92023],[-120.58436,38.9213],[-120.58632,38.92287],[-120.58703,38.92428],[-120.58521,38.92736],[-120.58555,38.92882],[-120.58731,38.93144],[-120.5911,38.93146],[-120.59346,38.93213],[-120.59438,38.9361],[-120.59847,38.93684],[-120.60159,38.93598],[-120.60262,38.93487],[-120.60437,38.93422],[-120.60694,38.93525],[-120.60857,38.93747],[-120.60996,38.94095],[-120.61135,38.94264],[-120.61281,38.94309],[-120.61615,38.94266],[-120.61889,38.94321],[-120.62229,38.94311],[-120.62468,38.94482],[-120.62707,38.94524],[-120.62947,38.9464],[-120.63109,38.94629],[-120.63538,38.9434],[-120.63691,38.94345],[-120.64013,38.94453],[-120.64246,38.9444],[-120.64494,38.94683],[-120.64773,38.94697],[-120.65104,38.94887],[-120.6544,38.94836],[-120.65496,38.94908],[-120.65486,38.95193],[-120.65524,38.9531],[-120.65647,38.95363],[-120.65876,38.95353],[-120.66037,38.95407],[-120.66447,38.95713],[-120.66675,38.95737],[-120.66885,38.95815],[-120.67275,38.95859],[-120.67336,38.9613],[-120.6747,38.96268],[-120.67775,38.96356],[-120.67824,38.96509],[-120.67974,38.96645],[-120.68265,38.96695],[-120.68368,38.96776],[-120.68276,38.96907],[-120.68267,38.97168],[-120.68337,38.97465],[-120.68109,38.97671],[-120.68089,38.97789],[-120.68335,38.98045],[-120.68515,38.98362],[-120.68524,38.98675],[-120.68459,38.98922],[-120.68793,38.98995],[-120.68984,38.98893],[-120.69214,38.98588],[-120.70018,38.98201],[-120.70445,38.9812],[-120.70869,38.98343],[-120.71134,38.98576],[-120.71629,38.98667],[-120.7186,38.99029],[-120.72168,38.99255],[-120.72234,38.99347],[-120.72317,38.99933],[-120.72713,39.0018],[-120.72958,39.00403],[-120.73157,39.00272],[-120.73604,39.0006],[-120.73833,39.00202],[-120.74164,39.00143],[-120.7425,39.00204],[-120.74394,39.00477],[-120.74721,39.00297],[-120.74846,39.00359],[-120.74849,39.00522],[-120.74674,39.00713],[-120.74594,39.00983],[-120.74639,39.01035],[-120.74766,39.0104],[-120.74993,39.0095],[-120.75177,39.00575],[-120.75283,39.00529],[-120.75372,39.00542],[-120.75762,39.00766],[-120.76065,39.00548],[-120.76275,39.00658],[-120.76387,39.00591],[-120.76411,39.00483],[-120.7631,39.00382],[-120.76084,39.00379],[-120.7601,39.00309],[-120.7614,39.00193],[-120.76407,39.00203],[-120.76606,39.00337],[-120.7671,39.00545],[-120.76619,39.00698],[-120.76362,39.0082],[-120.76445,39.00975],[-120.76834,39.00917],[-120.77023,39.00702],[-120.77158,39.00656],[-120.7738,39.007],[-120.77383,39.00582],[-120.77795,39.00501],[-120.78025,39.00419],[-120.78126,39.00256],[-120.78276,39.00149],[-120.78679,38.99962],[-120.78852,38.99952],[-120.7908,38.99963],[-120.7946,38.99735],[-120.7981,38.99605],[-120.79937,38.99687],[-120.80077,39.00012],[-120.80192,39.0011],[-120.80822,39.00106],[-120.8123,39.00013],[-120.81432,38.99823],[-120.81451,38.99629],[-120.81549,38.99478],[-120.81789,38.99393],[-120.81987,38.99409],[-120.82472,38.99275],[-120.82836,38.98979],[-120.82971,38.98734],[-120.82938,38.98039],[-120.83262,38.97802],[-120.83301,38.97681],[-120.83269,38.97381],[-120.83416,38.97187],[-120.83566,38.9715],[-120.83884,38.97179],[-120.83999,38.97265],[-120.84063,38.97545],[-120.84476,38.97568],[-120.84756,38.97693],[-120.84939,38.97681],[-120.85184,38.97378],[-120.85324,38.97281],[-120.85416,38.9713],[-120.85542,38.9681],[-120.85553,38.96682],[-120.85367,38.96354],[-120.8521,38.95955],[-120.85772,38.95664],[-120.8589,38.95226],[-120.85986,38.95165],[-120.86061,38.95156],[-120.86307,38.95395],[-120.86599,38.95384],[-120.8686,38.95419],[-120.87059,38.95556],[-120.87604,38.95648],[-120.87738,38.95701],[-120.88159,38.95671],[-120.88403,38.95776],[-120.88516,38.959],[-120.88792,38.95973],[-120.8905,38.95956],[-120.89387,38.95783],[-120.89999,38.95335],[-120.90211,38.95316],[-120.91387,38.95521],[-120.9168,38.95695],[-120.92162,38.9595],[-120.9228,38.96071],[-120.9263,38.96182],[-120.9286,38.96211],[-120.93247,38.96206],[-120.93465,38.96379],[-120.93621,38.96393],[-120.93823,38.9633],[-120.94028,38.96234],[-120.94057,38.95986],[-120.9382,38.95664],[-120.93767,38.9467],[-120.93858,38.93893],[-120.9383,38.93583],[-120.94054,38.93529],[-120.9434,38.93567],[-120.94501,38.93705],[-120.94835,38.93832],[-120.95158,38.93885],[-120.9562,38.93861],[-120.95777,38.93911],[-120.95979,38.93682],[-120.96149,38.93576],[-120.96267,38.9343],[-120.96599,38.93258],[-120.97042,38.93309],[-120.97186,38.93265],[-120.9747,38.93036],[-120.97727,38.92925],[-120.98034,38.92881],[-120.98407,38.92905],[-120.98665,38.92806],[-120.98938,38.92794],[-120.99197,38.92722],[-120.99116,38.92363],[-120.99703,38.92112],[-120.9983,38.91895],[-120.99954,38.91816],[-121.00105,38.91784],[-121.00333,38.91863],[-121.00488,38.92011],[-121.00641,38.91969],[-121.00713,38.91786],[-121.01235,38.91665],[-121.01538,38.91783],[-121.01893,38.91824],[-121.0235,38.91723],[-121.02537,38.91504],[-121.03378,38.91282],[-121.03634,38.91393],[-121.0375,38.91569],[-121.03994,38.91586],[-121.04051,38.91554],[-121.04147,38.91419],[-121.04172,38.91159],[-121.04249,38.91083],[-121.04302,38.90849],[-121.04556,38.90568],[-121.04801,38.90512],[-121.0494,38.90336],[-121.04982,38.90175],[-121.05291,38.90014],[-121.05337,38.8973],[-121.05302,38.89678],[-121.04998,38.89588],[-121.04819,38.89529],[-121.04745,38.89407],[-121.04418,38.89083],[-121.04614,38.88886],[-121.04971,38.88735],[-121.05859,38.88431],[-121.0617,38.88265],[-121.06198,38.8815],[-121.05987,38.87916],[-121.05693,38.87731],[-121.0552,38.8718],[-121.05352,38.86985],[-121.05326,38.86835],[-121.05454,38.86502],[-121.05856,38.86353],[-121.06181,38.85992],[-121.06045,38.85767],[-121.05898,38.85349],[-121.05758,38.85127],[-121.05841,38.84713],[-121.06092,38.84561],[-121.06235,38.84505],[-121.06938,38.84344],[-121.07268,38.84294],[-121.07582,38.83959],[-121.08065,38.83682],[-121.08193,38.83518],[-121.08532,38.83481],[-121.08734,38.83327],[-121.08896,38.82924],[-121.08872,38.8271],[-121.08306,38.82305],[-121.08306,38.81996],[-121.08448,38.81644],[-121.08699,38.81528],[-121.08927,38.81446],[-121.09343,38.81385],[-121.10084,38.81539],[-121.10143,38.81528],[-121.10152,38.81377],[-121.09938,38.81165],[-121.09776,38.80733],[-121.09808,38.80333],[-121.09956,38.79967],[-121.10224,38.7962],[-121.10218,38.79444],[-121.1012,38.78997],[-121.103,38.78555],[-121.10769,38.78012],[-121.10989,38.776],[-121.11167,38.7738],[-121.11722,38.77049],[-121.11858,38.76894],[-121.11926,38.76579],[-121.11748,38.75779],[-121.11769,38.75645],[-121.12097,38.75253],[-121.12139,38.74876],[-121.12835,38.73358],[-121.13329,38.73146],[-121.1336,38.7302],[-121.13289,38.72689],[-121.1332,38.71652],[-121.13451,38.71203],[-121.1416,38.71194]]]}},{"type":"Feature","properties":{"NAME":"Mariposa County","GEOID":"06043","BASENAME":"Mariposa"},"geometry":{"type":"Polygon","coordinates":[[[-120.39442,37.67504],[-120.39535,37.67226],[-120.39281,37.66953],[-120.39412,37.66812],[-120.39062,37.66652],[-120.38923,37.66316],[-120.38669,37.66151],[-120.38634,37.66002],[-120.38435,37.658],[-120.38186,37.6571],[-120.37988,37.65706],[-120.37602,37.6539],[-120.37514,37.65221],[-120.37687,37.64948],[-120.37642,37.64893],[-120.37777,37.64685],[-120.3792,37.64597],[-120.38109,37.6435],[-120.38107,37.64177],[-120.3827,37.64198],[-120.3831,37.63991],[-120.3855,37.63465],[-120.38694,37.63485],[-120.38761,37.6337],[-120.38767,37.63336],[-120.38307,37.6257],[-120.38098,37.62273],[-120.32251,37.52669],[-120.32182,37.52521],[-120.32153,37.5244],[-120.32069,37.52263],[-120.3192,37.52134],[-120.31646,37.51434],[-120.31656,37.50559],[-120.31149,37.49723],[-120.30995,37.49592],[-120.3075,37.49485],[-120.30322,37.49083],[-120.30114,37.48938],[-120.29917,37.48884],[-120.30022,37.48429],[-120.29919,37.48297],[-120.29503,37.48001],[-120.29358,37.47812],[-120.29207,37.47521],[-120.28691,37.46857],[-120.28617,37.46637],[-120.284,37.4629],[-120.28194,37.46145],[-120.28144,37.45942],[-120.27958,37.45795],[-120.27797,37.45081],[-120.27815,37.44918],[-120.27662,37.44723],[-120.27497,37.44363],[-120.2751,37.44071],[-120.278,37.4365],[-120.28132,37.43502],[-120.28404,37.43248],[-120.284,37.42828],[-120.2834,37.42436],[-120.28155,37.42176],[-120.27838,37.4196],[-120.27582,37.41884],[-120.27457,37.41618],[-120.27345,37.41494],[-120.27256,37.4121],[-120.26808,37.40384],[-120.26601,37.40061],[-120.26219,37.39619],[-120.25794,37.39061],[-120.2547,37.38541],[-120.25102,37.38265],[-120.24701,37.38022],[-120.24557,37.37676],[-120.24381,37.37403],[-120.23382,37.36067],[-120.23143,37.35818],[-120.22827,37.35165],[-120.22564,37.34983],[-120.22054,37.34195],[-120.21918,37.34105],[-120.2165,37.33734],[-120.20903,37.32493],[-120.20353,37.31332],[-120.19896,37.30963],[-120.19457,37.30648],[-120.18972,37.30356],[-120.18771,37.30107],[-120.18272,37.29141],[-120.18563,37.28503],[-120.18651,37.28242],[-120.18664,37.28028],[-120.18428,37.27273],[-120.18376,37.27049],[-120.18207,37.26755],[-120.1793,37.26437],[-120.17764,37.26153],[-120.17151,37.25669],[-120.16819,37.25471],[-120.15468,37.24579],[-120.14696,37.24181],[-120.14383,37.23919],[-120.12924,37.23339],[-120.126,37.23227],[-120.11292,37.22856],[-120.1056,37.22503],[-120.10152,37.22388],[-120.09319,37.22262],[-120.09008,37.22147],[-120.08588,37.21874],[-120.08345,37.21646],[-120.08085,37.21293],[-120.0754,37.20876],[-120.07099,37.20489],[-120.06756,37.20049],[-120.06219,37.19793],[-120.06089,37.19631],[-120.05736,37.18802],[-120.05629,37.18662],[-120.05206,37.18311],[-119.87634,37.32533],[-119.87537,37.32597],[-119.77958,37.40294],[-119.76181,37.41711],[-119.75099,37.41732],[-119.7471,37.41775],[-119.7366,37.41776],[-119.72984,37.41774],[-119.70975,37.41777],[-119.70627,37.41778],[-119.69149,37.41779],[-119.65119,37.41783],[-119.65118,37.44594],[-119.65117,37.46135],[-119.63638,37.46136],[-119.6155,37.46152],[-119.61515,37.49468],[-119.58422,37.4947],[-119.58358,37.56034],[-119.51274,37.61673],[-119.50369,37.6239],[-119.4512,37.66569],[-119.309,37.77799],[-119.31098,37.77843],[-119.31098,37.77973],[-119.30788,37.78123],[-119.30728,37.78283],[-119.31048,37.78563],[-119.31098,37.78753],[-119.31038,37.79053],[-119.31048,37.79253],[-119.31228,37.79413],[-119.31819,37.79363],[-119.32178,37.79403],[-119.32358,37.79553],[-119.32469,37.79773],[-119.32699,37.79943],[-119.33188,37.79923],[-119.33399,37.80033],[-119.33609,37.80313],[-119.33939,37.80553],[-119.34369,37.80613],[-119.34589,37.80563],[-119.34669,37.80633],[-119.34799,37.81013],[-119.34899,37.81083],[-119.35499,37.81183],[-119.35559,37.81243],[-119.35469,37.81513],[-119.35279,37.81753],[-119.35119,37.82383],[-119.35139,37.82553],[-119.35229,37.82633],[-119.3726,37.83288],[-119.37391,37.83522],[-119.37382,37.83969],[-119.37551,37.84087],[-119.37707,37.83968],[-119.37929,37.84095],[-119.38039,37.84021],[-119.3826,37.83706],[-119.38372,37.83647],[-119.38729,37.83762],[-119.39259,37.83792],[-119.40059,37.83473],[-119.40269,37.83522],[-119.40469,37.83722],[-119.40459,37.84253],[-119.40509,37.84822],[-119.40679,37.85232],[-119.40729,37.85492],[-119.41059,37.85502],[-119.41549,37.85462],[-119.41829,37.85572],[-119.42009,37.85722],[-119.42199,37.85772],[-119.42489,37.86552],[-119.42679,37.86672],[-119.43419,37.86512],[-119.43929,37.86022],[-119.44269,37.85982],[-119.44329,37.86112],[-119.44209,37.86392],[-119.44199,37.86752],[-119.44389,37.86922],[-119.44579,37.86942],[-119.44859,37.86852],[-119.45149,37.87102],[-119.45419,37.87072],[-119.46279,37.86842],[-119.46599,37.86462],[-119.4696,37.86352],[-119.47189,37.86062],[-119.4724,37.85822],[-119.4743,37.85562],[-119.4759,37.85742],[-119.4769,37.85962],[-119.47909,37.86062],[-119.4812,37.86082],[-119.4841,37.86442],[-119.4869,37.86492],[-119.4923,37.86312],[-119.4966,37.86502],[-119.4996,37.86762],[-119.501,37.86717],[-119.5026,37.86782],[-119.5047,37.86962],[-119.5066,37.87452],[-119.5082,37.87672],[-119.5126,37.88062],[-119.5153,37.88442],[-119.5177,37.88562],[-119.5238,37.88672],[-119.5273,37.88972],[-119.5298,37.89112],[-119.5312,37.89502],[-119.5336,37.89712],[-119.5344,37.89992],[-119.534,37.90292],[-119.5357,37.90412],[-119.5411,37.90252],[-119.5567,37.90092],[-119.5586,37.90312],[-119.563,37.90252],[-119.5659,37.90172],[-119.5692,37.89952],[-119.5709,37.89742],[-119.5741,37.89562],[-119.5816,37.89372],[-119.5864,37.89012],[-119.5869,37.88782],[-119.5858,37.88472],[-119.5871,37.88182],[-119.5873,37.87872],[-119.5845,37.87622],[-119.58486,37.87492],[-119.58635,37.8723],[-119.58955,37.86965],[-119.59195,37.86612],[-119.59322,37.86563],[-119.59787,37.86097],[-119.60089,37.85922],[-119.60526,37.85766],[-119.60853,37.85534],[-119.61016,37.85317],[-119.61188,37.8542],[-119.61585,37.85414],[-119.61911,37.8532],[-119.62031,37.85116],[-119.62248,37.84957],[-119.62296,37.84847],[-119.62499,37.84771],[-119.626,37.84815],[-119.6286,37.84722],[-119.6325,37.84752],[-119.6381,37.84912],[-119.6411,37.84852],[-119.6462,37.84682],[-119.6486,37.84502],[-119.6524,37.83892],[-119.6553,37.83662],[-119.6577,37.83412],[-119.6573,37.83182],[-119.6535,37.82882],[-119.6509,37.82082],[-119.6539,37.81042],[-119.6573,37.81022],[-119.6599,37.80942],[-119.6653,37.80302],[-119.6672,37.80122],[-119.6706,37.80022],[-119.6752,37.80012],[-119.6814,37.80062],[-119.684,37.79972],[-119.687,37.79952],[-119.6897,37.80022],[-119.6914,37.79952],[-119.6932,37.79692],[-119.6938,37.79472],[-119.6979,37.78962],[-119.69961,37.78912],[-119.7018,37.78982],[-119.7054,37.79232],[-119.70981,37.79352],[-119.71311,37.79312],[-119.71681,37.79172],[-119.72001,37.78922],[-119.72271,37.78762],[-119.72711,37.78692],[-119.73391,37.78792],[-119.73621,37.78692],[-119.73881,37.78452],[-119.74251,37.78412],[-119.74601,37.78292],[-119.74761,37.78142],[-119.74941,37.77572],[-119.75101,37.77332],[-119.7552,37.77213],[-119.75766,37.77279],[-119.76132,37.77192],[-119.76261,37.77033],[-119.76591,37.77033],[-119.76901,37.77113],[-119.772,37.76893],[-119.77201,37.76673],[-119.77381,37.76692],[-119.77541,37.76583],[-119.77791,37.76583],[-119.78111,37.76342],[-119.78451,37.76393],[-119.78611,37.76583],[-119.78851,37.76463],[-119.79151,37.76463],[-119.79591,37.76213],[-119.79792,37.76135],[-119.80167,37.76101],[-119.80395,37.75967],[-119.8049,37.76015],[-119.8055,37.75962],[-119.80501,37.75642],[-119.80851,37.75492],[-119.80941,37.75503],[-119.81291,37.75833],[-119.81781,37.75972],[-119.82071,37.75983],[-119.82281,37.76192],[-119.82481,37.76192],[-119.82731,37.76443],[-119.82791,37.76822],[-119.83031,37.76883],[-119.83061,37.76952],[-119.83411,37.76913],[-119.83791,37.77023],[-119.83951,37.77013],[-119.84221,37.76913],[-119.84211,37.76713],[-119.84061,37.76502],[-119.84371,37.76252],[-119.84581,37.76262],[-119.84701,37.76183],[-119.84871,37.75853],[-119.85201,37.75773],[-119.85238,37.7582],[-119.85391,37.76123],[-119.85661,37.76313],[-119.86061,37.76443],[-119.8616,37.76739],[-119.86431,37.77202],[-119.86731,37.77212],[-119.86821,37.77323],[-119.87191,37.77342],[-119.87551,37.77253],[-119.87381,37.77063],[-119.87271,37.76753],[-119.87351,37.76603],[-119.87551,37.76553],[-119.87601,37.76383],[-119.87781,37.76303],[-119.88011,37.76253],[-119.88111,37.76303],[-119.88491,37.76073],[-119.88851,37.76143],[-119.8916,37.76133],[-119.89251,37.76223],[-119.89851,37.76093],[-119.90131,37.75933],[-119.90121,37.75783],[-119.90331,37.75833],[-119.90701,37.75793],[-119.90941,37.75973],[-119.91521,37.76263],[-119.91801,37.76223],[-119.92371,37.76403],[-119.92861,37.76463],[-119.93041,37.76333],[-119.93381,37.76383],[-119.93541,37.76283],[-119.93841,37.76303],[-119.94481,37.76493],[-119.94541,37.76753],[-119.94762,37.77043],[-119.95061,37.77053],[-119.95502,37.77323],[-119.95862,37.77623],[-119.96361,37.78103],[-119.96492,37.78283],[-119.97181,37.78403],[-119.97562,37.78683],[-119.98022,37.78903],[-119.98242,37.78953],[-119.98872,37.79283],[-119.99412,37.79443],[-119.99842,37.79623],[-120.00102,37.79873],[-120.00362,37.79891],[-120.00632,37.8014],[-120.00844,37.80249],[-120.00973,37.80227],[-120.01443,37.80449],[-120.01683,37.80637],[-120.02366,37.81001],[-120.02659,37.81188],[-120.03233,37.81085],[-120.03599,37.80787],[-120.03905,37.81081],[-120.04636,37.8133],[-120.04889,37.8112],[-120.05279,37.81287],[-120.05513,37.81279],[-120.0551,37.81626],[-120.05565,37.81807],[-120.05684,37.82028],[-120.05751,37.82388],[-120.05893,37.82492],[-120.05975,37.82468],[-120.06155,37.82604],[-120.06515,37.8229],[-120.06617,37.82418],[-120.07222,37.82666],[-120.07586,37.82718],[-120.07951,37.82881],[-120.08471,37.82703],[-120.08543,37.82351],[-120.08764,37.82245],[-120.08943,37.82283],[-120.09047,37.82187],[-120.09011,37.82029],[-120.09071,37.81865],[-120.09086,37.81581],[-120.09204,37.81555],[-120.08907,37.81226],[-120.09028,37.81075],[-120.09371,37.80973],[-120.09366,37.80822],[-120.09875,37.80773],[-120.09937,37.80608],[-120.09873,37.80474],[-120.1013,37.80251],[-120.10074,37.80067],[-120.10329,37.80013],[-120.1062,37.79903],[-120.10643,37.79838],[-120.10781,37.79689],[-120.11225,37.79387],[-120.11579,37.79316],[-120.11976,37.78966],[-120.12025,37.7875],[-120.11938,37.78586],[-120.12393,37.7857],[-120.12683,37.78178],[-120.12809,37.78154],[-120.13533,37.78201],[-120.13936,37.78317],[-120.14212,37.78304],[-120.147,37.78636],[-120.15406,37.78836],[-120.15678,37.78764],[-120.1587,37.78792],[-120.16181,37.78741],[-120.16362,37.78878],[-120.16595,37.78956],[-120.16947,37.79195],[-120.16935,37.79303],[-120.17354,37.79597],[-120.17305,37.79829],[-120.17409,37.79938],[-120.17581,37.79822],[-120.1771,37.79594],[-120.17837,37.79466],[-120.1823,37.79556],[-120.18296,37.79329],[-120.18202,37.79087],[-120.1806,37.78933],[-120.18058,37.78841],[-120.18227,37.78669],[-120.18229,37.78432],[-120.18357,37.78289],[-120.18558,37.78197],[-120.18547,37.7812],[-120.18869,37.78022],[-120.18658,37.77833],[-120.18626,37.77726],[-120.18353,37.77495],[-120.18486,37.77334],[-120.18696,37.77213],[-120.18706,37.77054],[-120.18898,37.76793],[-120.19086,37.76752],[-120.19294,37.76909],[-120.19347,37.76971],[-120.1981,37.76939],[-120.19843,37.76825],[-120.1981,37.7653],[-120.20138,37.76315],[-120.2026,37.76359],[-120.20473,37.76306],[-120.20665,37.76336],[-120.20956,37.76317],[-120.21056,37.76427],[-120.21262,37.76517],[-120.2142,37.76473],[-120.21616,37.76525],[-120.21688,37.76285],[-120.22039,37.7631],[-120.22287,37.76237],[-120.22412,37.76364],[-120.22616,37.76071],[-120.22702,37.76037],[-120.22936,37.76223],[-120.23066,37.76379],[-120.23376,37.76418],[-120.236,37.76391],[-120.23823,37.76526],[-120.23958,37.7634],[-120.23903,37.76122],[-120.24091,37.7585],[-120.23893,37.75595],[-120.23969,37.75349],[-120.2434,37.75117],[-120.2453,37.75054],[-120.24884,37.74964],[-120.25102,37.75092],[-120.25333,37.75073],[-120.2556,37.74854],[-120.25654,37.74844],[-120.25758,37.74666],[-120.25785,37.74399],[-120.2587,37.74269],[-120.26166,37.74089],[-120.26068,37.73961],[-120.26069,37.73738],[-120.25842,37.73558],[-120.26072,37.73356],[-120.26475,37.73597],[-120.2673,37.7361],[-120.26863,37.73702],[-120.27182,37.73796],[-120.27322,37.73784],[-120.27608,37.73897],[-120.27779,37.74093],[-120.28234,37.74531],[-120.28275,37.74376],[-120.28664,37.74027],[-120.28689,37.73899],[-120.28566,37.73677],[-120.28433,37.73591],[-120.2838,37.73364],[-120.28508,37.73262],[-120.28618,37.72978],[-120.28764,37.72946],[-120.29044,37.7313],[-120.29414,37.73212],[-120.29587,37.73339],[-120.2997,37.73375],[-120.30311,37.73457],[-120.3057,37.73423],[-120.30769,37.73561],[-120.30961,37.73425],[-120.31387,37.73424],[-120.31528,37.73387],[-120.31677,37.7312],[-120.31914,37.72978],[-120.31914,37.72867],[-120.32084,37.72616],[-120.32429,37.72663],[-120.32612,37.72607],[-120.3283,37.72825],[-120.332,37.7295],[-120.3338,37.728],[-120.33531,37.72784],[-120.33557,37.72648],[-120.33829,37.72674],[-120.34096,37.72606],[-120.3428,37.72698],[-120.34521,37.72566],[-120.34544,37.72479],[-120.34247,37.72277],[-120.34315,37.72103],[-120.33981,37.71709],[-120.34056,37.71592],[-120.33958,37.71422],[-120.33991,37.71264],[-120.33823,37.71108],[-120.33809,37.70911],[-120.33316,37.70656],[-120.33322,37.70468],[-120.33201,37.70344],[-120.33196,37.70161],[-120.33022,37.6996],[-120.33021,37.69807],[-120.3278,37.69546],[-120.326,37.69243],[-120.32317,37.68942],[-120.32292,37.68781],[-120.32129,37.68773],[-120.31945,37.68643],[-120.31808,37.68235],[-120.31533,37.67882],[-120.31312,37.67536],[-120.31045,37.67313],[-120.3094,37.67005],[-120.30641,37.66576],[-120.30885,37.66406],[-120.31231,37.66295],[-120.31174,37.66014],[-120.31029,37.65865],[-120.30984,37.65598],[-120.31257,37.65367],[-120.31574,37.65307],[-120.32182,37.64986],[-120.32594,37.64897],[-120.32838,37.65004],[-120.33255,37.65332],[-120.33292,37.65577],[-120.33483,37.65746],[-120.33526,37.65896],[-120.33681,37.65926],[-120.34326,37.66313],[-120.34507,37.66571],[-120.34513,37.66782],[-120.34776,37.67018],[-120.34799,37.67123],[-120.35262,37.67456],[-120.35542,37.6755],[-120.35775,37.6751],[-120.35919,37.67378],[-120.36246,37.67282],[-120.3623,37.67478],[-120.36321,37.67612],[-120.36503,37.67705],[-120.36631,37.68079],[-120.36937,37.67963],[-120.37448,37.6803],[-120.37635,37.682],[-120.3797,37.68099],[-120.3809,37.68243],[-120.38307,37.68204],[-120.38376,37.68366],[-120.38664,37.68484],[-120.38966,37.68337],[-120.39193,37.68356],[-120.39171,37.67978],[-120.39353,37.67969],[-120.3925,37.67536],[-120.39442,37.67504]]]}},{"type":"Feature","properties":{"NAME":"San Joaquin County","GEOID":"06077","BASENAME":"San Joaquin"},"geometry":{"type":"Polygon","coordinates":[[[-121.58472,38.04355],[-121.58508,38.04027],[-121.58439,38.03603],[-121.58358,38.03438],[-121.58169,38.03235],[-121.57993,38.03212],[-121.57795,38.03382],[-121.58079,38.03879],[-121.58019,38.04127],[-121.57763,38.04296],[-121.57604,38.04298],[-121.57415,38.04279],[-121.57217,38.04141],[-121.57127,38.0401],[-121.57082,38.038],[-121.57103,38.03524],[-121.57181,38.03138],[-121.57082,38.02976],[-121.56811,38.0308],[-121.56567,38.03072],[-121.56423,38.0297],[-121.56449,38.02622],[-121.5633,38.02391],[-121.56126,38.02154],[-121.55884,38.01943],[-121.55755,38.01704],[-121.55832,38.01573],[-121.56107,38.01544],[-121.56449,38.01661],[-121.56643,38.01807],[-121.57029,38.01868],[-121.57205,38.01841],[-121.57279,38.01691],[-121.57101,38.01526],[-121.56903,38.0148],[-121.56697,38.01353],[-121.56687,38.01271],[-121.56815,38.01138],[-121.57331,38.01172],[-121.57788,38.01082],[-121.57991,38.00778],[-121.57984,38.00644],[-121.57871,38.00425],[-121.57758,38.0036],[-121.57485,38.00308],[-121.57096,38.00329],[-121.5691,38.00279],[-121.56898,38.00139],[-121.57056,37.99903],[-121.57783,37.99903],[-121.57895,37.99855],[-121.5791,37.99787],[-121.57736,37.99713],[-121.57608,37.99485],[-121.57715,37.99339],[-121.58003,37.99103],[-121.58102,37.98953],[-121.58246,37.98392],[-121.57953,37.98155],[-121.57358,37.98031],[-121.57239,37.97905],[-121.57271,37.97809],[-121.57424,37.97742],[-121.57697,37.97776],[-121.57999,37.97697],[-121.57994,37.97611],[-121.57784,37.9746],[-121.57555,37.97368],[-121.57415,37.97181],[-121.57371,37.96643],[-121.57012,37.96326],[-121.56639,37.96098],[-121.56514,37.95985],[-121.56559,37.95778],[-121.56796,37.95748],[-121.57158,37.95753],[-121.5745,37.95694],[-121.57514,37.95624],[-121.57519,37.95504],[-121.57359,37.95376],[-121.56526,37.95511],[-121.56411,37.95511],[-121.56369,37.95351],[-121.56852,37.94917],[-121.56899,37.94762],[-121.5686,37.94546],[-121.56741,37.94398],[-121.56555,37.94417],[-121.56364,37.94611],[-121.56068,37.94758],[-121.55818,37.94737],[-121.55758,37.9465],[-121.55818,37.94538],[-121.56191,37.94488],[-121.56341,37.94427],[-121.56324,37.94268],[-121.56147,37.94155],[-121.56088,37.93988],[-121.56194,37.93761],[-121.56146,37.93589],[-121.55727,37.93225],[-121.5589,37.92793],[-121.55849,37.92621],[-121.55642,37.9233],[-121.55826,37.92138],[-121.56186,37.92044],[-121.56511,37.91917],[-121.56592,37.9161],[-121.56321,37.91222],[-121.56329,37.9106],[-121.56477,37.90901],[-121.57092,37.90596],[-121.57263,37.90467],[-121.57177,37.9025],[-121.56816,37.90102],[-121.56695,37.89991],[-121.5659,37.89767],[-121.56641,37.89521],[-121.56768,37.89243],[-121.5699,37.89086],[-121.57496,37.88945],[-121.57553,37.88898],[-121.57592,37.88755],[-121.57387,37.8834],[-121.57819,37.87548],[-121.57942,37.8723],[-121.57883,37.86995],[-121.57514,37.86771],[-121.57339,37.86575],[-121.5738,37.86432],[-121.57546,37.86312],[-121.5795,37.86107],[-121.57897,37.8585],[-121.57758,37.85795],[-121.57559,37.85928],[-121.57179,37.86048],[-121.56981,37.86069],[-121.56829,37.86],[-121.57059,37.85801],[-121.56802,37.85704],[-121.5659,37.85786],[-121.56261,37.85335],[-121.56198,37.85314],[-121.56122,37.85428],[-121.5623,37.85568],[-121.56033,37.8586],[-121.55925,37.85885],[-121.55525,37.85801],[-121.55374,37.85923],[-121.55312,37.86096],[-121.55168,37.8604],[-121.54899,37.85625],[-121.5475,37.85523],[-121.54112,37.85775],[-121.54035,37.85672],[-121.54148,37.85522],[-121.54136,37.85311],[-121.54201,37.85131],[-121.54004,37.84884],[-121.53841,37.84925],[-121.53721,37.85084],[-121.53425,37.84989],[-121.53493,37.84754],[-121.5368,37.84626],[-121.53679,37.84418],[-121.53804,37.84295],[-121.53799,37.84091],[-121.53887,37.8393],[-121.53819,37.83743],[-121.5416,37.83542],[-121.5422,37.83379],[-121.54419,37.83254],[-121.54587,37.83234],[-121.54946,37.83357],[-121.55197,37.83],[-121.55224,37.82713],[-121.55115,37.8251],[-121.5525,37.82403],[-121.55208,37.8225],[-121.55331,37.81883],[-121.55507,37.81744],[-121.55694,37.81722],[-121.557,37.81649],[-121.55704,37.81599],[-121.55696,37.79884],[-121.55701,37.78221],[-121.55697,37.7714],[-121.5569,37.76808],[-121.55666,37.75611],[-121.55715,37.74661],[-121.55696,37.74319],[-121.55703,37.7077],[-121.55696,37.70358],[-121.55696,37.66423],[-121.55686,37.63553],[-121.55665,37.54273],[-121.55045,37.53933],[-121.54836,37.53593],[-121.54685,37.53503],[-121.54575,37.53253],[-121.54328,37.53159],[-121.54183,37.53022],[-121.53942,37.52958],[-121.53708,37.52975],[-121.53619,37.52908],[-121.53362,37.52889],[-121.5299,37.52705],[-121.52882,37.52806],[-121.52789,37.52739],[-121.52386,37.52621],[-121.52233,37.52471],[-121.51913,37.52445],[-121.51675,37.52551],[-121.51367,37.52476],[-121.51151,37.52507],[-121.50788,37.52477],[-121.50637,37.52555],[-121.5034,37.5256],[-121.50147,37.525],[-121.49827,37.52243],[-121.49958,37.52014],[-121.50237,37.51847],[-121.49994,37.51624],[-121.49987,37.51511],[-121.49723,37.51246],[-121.49668,37.50921],[-121.49538,37.50813],[-121.49602,37.50494],[-121.49318,37.50242],[-121.48938,37.50214],[-121.48659,37.50139],[-121.48206,37.50144],[-121.48074,37.49978],[-121.47936,37.49648],[-121.4759,37.49527],[-121.47376,37.49278],[-121.47094,37.49118],[-121.46921,37.48936],[-121.4712,37.48503],[-121.47106,37.48332],[-121.47193,37.48178],[-121.37545,37.55843],[-121.37425,37.55923],[-121.37375,37.55983],[-121.36054,37.57005],[-121.3342,37.59041],[-121.32898,37.59479],[-121.32405,37.59883],[-121.28555,37.62903],[-121.26945,37.6416],[-121.24122,37.66401],[-121.24123,37.66425],[-121.24003,37.66492],[-121.23474,37.6637],[-121.23327,37.66251],[-121.23156,37.66259],[-121.22907,37.66434],[-121.22985,37.66643],[-121.22925,37.66893],[-121.22541,37.66988],[-121.22277,37.66981],[-121.22036,37.67104],[-121.21871,37.67321],[-121.21849,37.67385],[-121.21909,37.67646],[-121.21993,37.67664],[-121.22095,37.67498],[-121.22201,37.67511],[-121.22275,37.67723],[-121.22132,37.67814],[-121.21971,37.67769],[-121.21837,37.67887],[-121.21864,37.67978],[-121.2226,37.68037],[-121.22347,37.68361],[-121.22196,37.68262],[-121.22097,37.68305],[-121.21976,37.68479],[-121.21789,37.68568],[-121.21639,37.68787],[-121.21497,37.6868],[-121.21083,37.68587],[-121.20869,37.6863],[-121.20772,37.68878],[-121.20525,37.69203],[-121.20684,37.69372],[-121.20608,37.6949],[-121.20416,37.69344],[-121.20224,37.69596],[-121.20126,37.69556],[-121.19982,37.69622],[-121.1993,37.69422],[-121.20084,37.69376],[-121.20131,37.69246],[-121.19964,37.69037],[-121.19782,37.69052],[-121.19778,37.6916],[-121.19627,37.69257],[-121.19642,37.69457],[-121.19423,37.69495],[-121.19379,37.69342],[-121.19237,37.69228],[-121.19193,37.69048],[-121.19024,37.69189],[-121.18902,37.6913],[-121.18947,37.68971],[-121.18786,37.69011],[-121.18744,37.68751],[-121.18626,37.68769],[-121.18585,37.68879],[-121.18244,37.6877],[-121.18112,37.68809],[-121.1831,37.68998],[-121.17989,37.69051],[-121.17895,37.69108],[-121.17968,37.69298],[-121.18222,37.6916],[-121.18401,37.69285],[-121.18224,37.69374],[-121.18063,37.69357],[-121.18023,37.69571],[-121.18243,37.69662],[-121.18257,37.69854],[-121.18177,37.699],[-121.17694,37.6988],[-121.17591,37.69942],[-121.1768,37.70228],[-121.17886,37.70194],[-121.18016,37.70342],[-121.17845,37.70553],[-121.17655,37.70607],[-121.1763,37.70405],[-121.16892,37.69912],[-121.16624,37.6994],[-121.16368,37.70038],[-121.16574,37.70111],[-121.16682,37.70223],[-121.16567,37.70425],[-121.1634,37.70372],[-121.15922,37.70444],[-121.15875,37.70641],[-121.16141,37.70673],[-121.16212,37.70805],[-121.15935,37.70853],[-121.16083,37.71114],[-121.15839,37.71179],[-121.15777,37.71335],[-121.15913,37.7151],[-121.15883,37.71695],[-121.15609,37.71681],[-121.15712,37.71781],[-121.15585,37.71984],[-121.15456,37.7202],[-121.15391,37.71896],[-121.15105,37.71948],[-121.14611,37.7175],[-121.14544,37.71999],[-121.14188,37.72098],[-121.14276,37.72214],[-121.14156,37.7229],[-121.138,37.72232],[-121.13738,37.72414],[-121.13652,37.72468],[-121.13499,37.72305],[-121.13074,37.7223],[-121.12845,37.72423],[-121.12556,37.72262],[-121.12421,37.7242],[-121.12268,37.72412],[-121.12362,37.72282],[-121.12136,37.72192],[-121.12074,37.72234],[-121.12137,37.72447],[-121.1187,37.72361],[-121.11628,37.72466],[-121.11676,37.72649],[-121.11295,37.72767],[-121.11025,37.73013],[-121.10989,37.73038],[-121.10763,37.73228],[-121.10949,37.73445],[-121.11135,37.74003],[-121.11021,37.74204],[-121.10905,37.74203],[-121.10685,37.74013],[-121.10555,37.74002],[-121.10259,37.74128],[-121.09985,37.74019],[-121.101,37.7377],[-121.09577,37.73596],[-121.0963,37.73353],[-121.09438,37.73366],[-121.09509,37.7345],[-121.09273,37.73475],[-121.08999,37.7366],[-121.08837,37.74105],[-121.08527,37.74085],[-121.084,37.74179],[-121.08255,37.74133],[-121.08183,37.73979],[-121.07985,37.74023],[-121.0794,37.73845],[-121.07643,37.73757],[-121.07508,37.73893],[-121.0724,37.73796],[-121.07096,37.73808],[-121.06885,37.73953],[-121.06699,37.73956],[-121.06655,37.74019],[-121.06742,37.74242],[-121.06694,37.74475],[-121.06313,37.74391],[-121.06489,37.7462],[-121.06144,37.74634],[-121.05994,37.74926],[-121.05706,37.74915],[-121.05621,37.75037],[-121.05548,37.7492],[-121.0543,37.74947],[-121.05204,37.74852],[-121.05335,37.74682],[-121.05334,37.74563],[-121.05071,37.74571],[-121.05175,37.74424],[-121.05181,37.74251],[-121.05033,37.74168],[-121.04883,37.74262],[-121.04636,37.74263],[-121.04525,37.73942],[-121.04399,37.7387],[-121.043,37.73862],[-121.04384,37.74153],[-121.04153,37.74167],[-121.03965,37.73955],[-121.03787,37.73916],[-121.03718,37.74253],[-121.03651,37.74301],[-121.03296,37.74287],[-121.02882,37.7407],[-121.02648,37.74177],[-121.02405,37.74666],[-121.02086,37.74775],[-121.02064,37.74842],[-121.0213,37.75008],[-121.01951,37.75208],[-121.01772,37.75528],[-121.01402,37.75652],[-121.01117,37.75575],[-121.01376,37.75429],[-121.01235,37.75402],[-121.01093,37.75118],[-121.01189,37.74973],[-121.008,37.74909],[-121.007,37.75111],[-121.00433,37.75245],[-121.00306,37.75173],[-120.99786,37.75502],[-120.99894,37.75713],[-120.9957,37.76018],[-120.99276,37.76075],[-120.99199,37.75898],[-120.98631,37.75645],[-120.98164,37.75656],[-120.9816,37.75537],[-120.98065,37.75393],[-120.97723,37.75277],[-120.97524,37.751],[-120.97317,37.74795],[-120.97,37.74648],[-120.96186,37.74182],[-120.95881,37.74145],[-120.95696,37.74049],[-120.95416,37.73844],[-120.94796,37.74049],[-120.94445,37.74213],[-120.94199,37.74229],[-120.93908,37.74196],[-120.93301,37.7395],[-120.92681,37.73858],[-120.92359,37.73764],[-120.92225,37.73747],[-120.92058,37.73846],[-120.92146,37.74333],[-120.9211,37.74596],[-120.92212,37.7486],[-120.92063,37.74931],[-120.92256,37.75031],[-120.92267,37.75713],[-120.92337,37.75781],[-120.92264,37.75957],[-120.92325,37.79357],[-120.92342,37.8003],[-120.92385,37.8131],[-120.92414,37.8206],[-120.92434,37.82755],[-120.92472,37.83891],[-120.92536,37.85685],[-120.92548,37.85841],[-120.92635,37.88672],[-120.92645,37.91893],[-120.92655,37.92073],[-120.92645,37.92173],[-120.92638,37.94483],[-120.92645,37.94522],[-120.92635,37.98332],[-120.92645,37.98402],[-120.92652,38.01723],[-120.92655,38.07311],[-120.92645,38.07742],[-120.93885,38.08832],[-120.96918,38.16302],[-120.97534,38.17822],[-120.98645,38.20465],[-120.9955,38.2254],[-121.00346,38.24301],[-121.00636,38.25051],[-121.0064,38.25061],[-121.01637,38.2744],[-121.02708,38.30025],[-121.03051,38.29891],[-121.03305,38.29923],[-121.03544,38.29813],[-121.04057,38.29772],[-121.04363,38.29374],[-121.04749,38.29114],[-121.04834,38.29114],[-121.05339,38.29319],[-121.05549,38.29507],[-121.05992,38.29708],[-121.06167,38.29894],[-121.06478,38.29947],[-121.06665,38.29915],[-121.06848,38.29851],[-121.07104,38.29533],[-121.07328,38.29436],[-121.0739,38.29326],[-121.07638,38.29197],[-121.07822,38.29168],[-121.07929,38.28977],[-121.08203,38.28825],[-121.08423,38.28636],[-121.08538,38.28705],[-121.0899,38.28396],[-121.09266,38.28384],[-121.09311,38.28257],[-121.09544,38.28163],[-121.09894,38.2831],[-121.1002,38.28265],[-121.1021,38.28323],[-121.10643,38.28151],[-121.10951,38.28106],[-121.1145,38.27881],[-121.11683,38.27735],[-121.12013,38.27816],[-121.12778,38.27745],[-121.13121,38.27468],[-121.13382,38.27187],[-121.13767,38.27158],[-121.13934,38.27015],[-121.14155,38.2692],[-121.14289,38.26756],[-121.14595,38.26536],[-121.14701,38.2639],[-121.15297,38.26248],[-121.15699,38.26079],[-121.16153,38.2608],[-121.16364,38.26022],[-121.16384,38.25979],[-121.1691,38.25809],[-121.17128,38.25692],[-121.17201,38.25559],[-121.17308,38.25521],[-121.18022,38.25532],[-121.18203,38.25683],[-121.18977,38.25607],[-121.19202,38.2567],[-121.19414,38.25575],[-121.19807,38.25247],[-121.20341,38.24875],[-121.20789,38.24882],[-121.21502,38.2488],[-121.21752,38.24663],[-121.22075,38.24488],[-121.22251,38.24441],[-121.22555,38.24486],[-121.22925,38.24752],[-121.23065,38.24673],[-121.23364,38.2469],[-121.23442,38.24742],[-121.2375,38.24748],[-121.24237,38.24541],[-121.24477,38.24519],[-121.24758,38.24543],[-121.24943,38.24652],[-121.25269,38.24695],[-121.25904,38.25027],[-121.26838,38.25227],[-121.27486,38.25052],[-121.27684,38.24926],[-121.28119,38.25005],[-121.28227,38.24984],[-121.28303,38.24966],[-121.28366,38.24857],[-121.28518,38.24756],[-121.28562,38.24748],[-121.28628,38.2472],[-121.28799,38.24581],[-121.28814,38.24564],[-121.29126,38.24031],[-121.2927,38.23887],[-121.2955,38.23762],[-121.30069,38.23672],[-121.30531,38.23475],[-121.30678,38.23476],[-121.30905,38.23579],[-121.31092,38.23487],[-121.31308,38.23475],[-121.31489,38.23551],[-121.31774,38.23521],[-121.32177,38.23269],[-121.32444,38.2331],[-121.32931,38.23283],[-121.3319,38.23152],[-121.33481,38.23128],[-121.33747,38.2294],[-121.33904,38.22893],[-121.34179,38.22965],[-121.34402,38.22826],[-121.34801,38.22882],[-121.35031,38.23039],[-121.35468,38.23103],[-121.35805,38.23075],[-121.36239,38.22991],[-121.3629,38.22828],[-121.36435,38.22866],[-121.36582,38.23086],[-121.36698,38.23124],[-121.37091,38.22973],[-121.37317,38.23106],[-121.37791,38.23055],[-121.38024,38.23098],[-121.38251,38.23207],[-121.38542,38.23135],[-121.38905,38.23316],[-121.39246,38.23039],[-121.39492,38.22972],[-121.39572,38.22799],[-121.39819,38.22743],[-121.40132,38.22947],[-121.40169,38.23069],[-121.40517,38.22996],[-121.40643,38.23152],[-121.40975,38.23287],[-121.41101,38.23193],[-121.41123,38.23193],[-121.41569,38.23561],[-121.42052,38.23724],[-121.42098,38.23839],[-121.42263,38.23959],[-121.42394,38.24233],[-121.42717,38.2448],[-121.42746,38.24597],[-121.42536,38.2468],[-121.42508,38.2504],[-121.42763,38.25157],[-121.42885,38.25422],[-121.4291,38.25467],[-121.43089,38.25504],[-121.43442,38.25427],[-121.43624,38.25511],[-121.43991,38.25553],[-121.44454,38.25685],[-121.44777,38.2551],[-121.44814,38.25501],[-121.45043,38.25462],[-121.45302,38.25562],[-121.45578,38.25757],[-121.45792,38.25718],[-121.46157,38.25918],[-121.46608,38.25993],[-121.46884,38.25941],[-121.47096,38.2599],[-121.47572,38.25809],[-121.47658,38.25634],[-121.48007,38.25358],[-121.47968,38.25214],[-121.47851,38.25108],[-121.47821,38.24854],[-121.47874,38.24599],[-121.48159,38.24442],[-121.48324,38.24215],[-121.48432,38.24151],[-121.48661,38.24046],[-121.48738,38.2387],[-121.48663,38.23731],[-121.48677,38.23582],[-121.4877,38.23468],[-121.48981,38.23366],[-121.49076,38.23219],[-121.49057,38.23017],[-121.49167,38.22769],[-121.49587,38.22711],[-121.49766,38.22768],[-121.50101,38.22685],[-121.50434,38.22454],[-121.50639,38.22459],[-121.50701,38.22352],[-121.50749,38.22256],[-121.50626,38.21754],[-121.50523,38.2158],[-121.50434,38.21213],[-121.50808,38.20924],[-121.5083,38.20711],[-121.50993,38.20458],[-121.51274,38.20256],[-121.51987,38.20316],[-121.52213,38.20191],[-121.5245,38.1994],[-121.5256,38.19728],[-121.52718,38.19674],[-121.5289,38.19533],[-121.52915,38.19383],[-121.52818,38.19164],[-121.52674,38.18994],[-121.52554,38.18676],[-121.52445,38.18552],[-121.525,38.18387],[-121.52711,38.18286],[-121.52781,38.18102],[-121.52607,38.17891],[-121.52612,38.17712],[-121.52461,38.17484],[-121.52436,38.17232],[-121.52511,38.17128],[-121.5293,38.16902],[-121.5314,38.1631],[-121.53346,38.16267],[-121.53397,38.15968],[-121.53615,38.15816],[-121.5362,38.15728],[-121.53454,38.15576],[-121.53631,38.15158],[-121.53762,38.15121],[-121.54058,38.15198],[-121.54266,38.15083],[-121.5434,38.14757],[-121.54442,38.14726],[-121.54692,38.14811],[-121.54847,38.14753],[-121.5499,38.14606],[-121.55174,38.14536],[-121.55338,38.14541],[-121.55918,38.14389],[-121.56014,38.14213],[-121.55916,38.14064],[-121.55729,38.13912],[-121.55769,38.13675],[-121.56244,38.13598],[-121.56681,38.13411],[-121.57189,38.13151],[-121.57553,38.12953],[-121.57647,38.12896],[-121.57943,38.12568],[-121.58088,38.12492],[-121.58407,38.12023],[-121.58436,38.1183],[-121.5835,38.11347],[-121.58078,38.11101],[-121.5732,38.1089],[-121.56718,38.10624],[-121.56575,38.10528],[-121.56432,38.10287],[-121.56404,38.10142],[-121.56461,38.09925],[-121.56718,38.09732],[-121.57406,38.09636],[-121.58002,38.09441],[-121.57834,38.09174],[-121.57723,38.08601],[-121.57675,38.07819],[-121.57292,38.07424],[-121.57483,38.07184],[-121.57849,38.07006],[-121.58113,38.06926],[-121.5822,38.06842],[-121.58224,38.06439],[-121.58388,38.0599],[-121.58351,38.05928],[-121.58243,38.05381],[-121.58231,38.05144],[-121.58472,38.04355]]]}},{"type":"Feature","properties":{"NAME":"Stanislaus County","GEOID":"06099","BASENAME":"Stanislaus"},"geometry":{"type":"Polygon","coordinates":[[[-121.48677,37.47565],[-121.48625,37.47433],[-121.48425,37.46603],[-121.4831,37.46516],[-121.4772,37.46325],[-121.47451,37.46153],[-121.47345,37.46017],[-121.47309,37.45676],[-121.46955,37.45574],[-121.46893,37.45388],[-121.46718,37.45334],[-121.46533,37.45455],[-121.46402,37.45384],[-121.46405,37.45248],[-121.46292,37.45149],[-121.46279,37.45003],[-121.46266,37.44844],[-121.46348,37.44569],[-121.46215,37.44233],[-121.46186,37.4388],[-121.46414,37.4376],[-121.46994,37.43087],[-121.47034,37.42771],[-121.46876,37.42528],[-121.4722,37.42413],[-121.47261,37.42334],[-121.46625,37.41503],[-121.46355,37.41593],[-121.45635,37.40674],[-121.45565,37.40104],[-121.45825,37.39813],[-121.45665,37.39554],[-121.45155,37.39463],[-121.4498,37.39229],[-121.44816,37.39168],[-121.44458,37.39336],[-121.44274,37.39276],[-121.44025,37.39454],[-121.43896,37.39462],[-121.43608,37.39613],[-121.43155,37.39423],[-121.42405,37.39363],[-121.41945,37.39074],[-121.41405,37.38971],[-121.41255,37.38944],[-121.41216,37.38727],[-121.41063,37.38611],[-121.40969,37.38201],[-121.40908,37.38067],[-121.41105,37.37838],[-121.41585,37.37592],[-121.41613,37.37371],[-121.41765,37.36984],[-121.41929,37.36445],[-121.4225,37.36309],[-121.42365,37.35884],[-121.42123,37.35429],[-121.41981,37.35281],[-121.41955,37.35112],[-121.42046,37.35047],[-121.4206,37.34777],[-121.41982,37.34654],[-121.42075,37.34474],[-121.40915,37.33064],[-121.41115,37.32754],[-121.41022,37.32506],[-121.41194,37.32444],[-121.4094,37.32146],[-121.40833,37.31762],[-121.40748,37.31311],[-121.40633,37.31276],[-121.40575,37.31099],[-121.40752,37.30984],[-121.40894,37.30988],[-121.41131,37.30803],[-121.41426,37.30651],[-121.41475,37.30536],[-121.41812,37.30342],[-121.41906,37.30201],[-121.42275,37.29914],[-121.42345,37.29529],[-121.42724,37.29591],[-121.43139,37.29499],[-121.43402,37.29293],[-121.43682,37.29197],[-121.4385,37.29317],[-121.44112,37.29386],[-121.44355,37.29664],[-121.44965,37.29394],[-121.44866,37.2903],[-121.45297,37.28673],[-121.45401,37.28405],[-121.45805,37.28414],[-121.45905,37.28274],[-121.45397,37.27718],[-121.45406,37.2751],[-121.45485,37.26314],[-121.45593,37.26288],[-121.45725,37.26094],[-121.45502,37.25555],[-121.45597,37.25392],[-121.45553,37.25285],[-121.45575,37.24944],[-121.45262,37.24638],[-121.45263,37.24536],[-121.44815,37.23949],[-121.44874,37.23728],[-121.44608,37.23597],[-121.4452,37.23451],[-121.44345,37.23336],[-121.44175,37.23113],[-121.4361,37.22936],[-121.43407,37.22645],[-121.43156,37.22782],[-121.42895,37.22539],[-121.42783,37.22521],[-121.4264,37.2235],[-121.42509,37.22355],[-121.42222,37.22193],[-121.4215,37.21997],[-121.42189,37.21821],[-121.42108,37.21483],[-121.41837,37.21321],[-121.41687,37.21126],[-121.41686,37.20604],[-121.41572,37.20241],[-121.41532,37.199],[-121.41376,37.19765],[-121.4117,37.19492],[-121.41172,37.19361],[-121.41046,37.19201],[-121.41021,37.1896],[-121.41152,37.18541],[-121.40946,37.18415],[-121.40891,37.18084],[-121.41114,37.17785],[-121.41008,37.17576],[-121.41165,37.17336],[-121.4134,37.1729],[-121.4122,37.17132],[-121.40886,37.17011],[-121.40773,37.16901],[-121.4076,37.16324],[-121.40653,37.15883],[-121.40464,37.15599],[-121.40114,37.15492],[-121.4,37.15086],[-121.39902,37.15014],[-121.39746,37.15059],[-121.39342,37.14813],[-121.39113,37.15075],[-121.38532,37.15197],[-121.38355,37.15149],[-121.38169,37.15763],[-121.38396,37.16016],[-121.38416,37.162],[-121.38324,37.16299],[-121.38455,37.16551],[-121.38427,37.1662],[-121.38291,37.16788],[-121.37965,37.16801],[-121.37707,37.17173],[-121.37333,37.17396],[-121.37221,37.17696],[-121.36454,37.18032],[-121.36317,37.18351],[-121.36094,37.18432],[-121.35956,37.18445],[-121.35708,37.18339],[-121.35456,37.18389],[-121.35176,37.18195],[-121.35016,37.1817],[-121.34667,37.17991],[-121.34366,37.17694],[-121.34238,37.17419],[-121.33829,37.17352],[-121.33435,37.1708],[-121.33255,37.17128],[-121.33188,37.17001],[-121.32841,37.16595],[-121.32602,37.16672],[-121.32323,37.16643],[-121.31891,37.16768],[-121.31403,37.16791],[-121.31407,37.1694],[-121.31288,37.17015],[-121.31164,37.17004],[-121.30604,37.16664],[-121.30262,37.16816],[-121.30067,37.16627],[-121.29855,37.16596],[-121.29559,37.16891],[-121.29252,37.17048],[-121.29152,37.17034],[-121.29066,37.17213],[-121.29096,37.17543],[-121.28773,37.17737],[-121.28748,37.17919],[-121.28606,37.18114],[-121.2843,37.1809],[-121.2841,37.18251],[-121.28227,37.18367],[-121.28111,37.1836],[-121.28019,37.18307],[-121.27778,37.17963],[-121.27538,37.17874],[-121.2731,37.17333],[-121.26951,37.17117],[-121.26716,37.16713],[-121.2646,37.1639],[-121.26229,37.15947],[-121.25986,37.15884],[-121.25771,37.15897],[-121.25069,37.15822],[-121.24876,37.15766],[-121.24572,37.15783],[-121.24384,37.15857],[-121.24248,37.15747],[-121.23931,37.15774],[-121.23711,37.1572],[-121.23638,37.15608],[-121.23656,37.15404],[-121.2355,37.1529],[-121.23614,37.14972],[-121.23498,37.14776],[-121.23332,37.14355],[-121.2323,37.13989],[-121.23134,37.13854],[-121.2268,37.13477],[-121.22251,37.13838],[-121.09814,37.23837],[-121.09693,37.23951],[-121.08913,37.24583],[-121.08655,37.2475],[-121.07975,37.25318],[-121.0674,37.26217],[-121.06231,37.26704],[-121.05013,37.27653],[-121.03102,37.29183],[-121.01612,37.30379],[-121.01581,37.30402],[-121.01504,37.30454],[-121.01187,37.30743],[-121.0083,37.31071],[-121.00104,37.31691],[-120.97339,37.33814],[-120.97174,37.33934],[-120.96469,37.34539],[-120.96464,37.34648],[-120.96844,37.34601],[-120.97056,37.34812],[-120.97059,37.34887],[-120.97255,37.34957],[-120.97507,37.34923],[-120.97647,37.34962],[-120.97702,37.35162],[-120.97709,37.3549],[-120.97888,37.35711],[-120.97812,37.35994],[-120.97818,37.36194],[-120.97971,37.36375],[-120.9814,37.36487],[-120.98164,37.36645],[-120.97833,37.36763],[-120.97573,37.36771],[-120.97423,37.36857],[-120.97434,37.36975],[-120.97801,37.37005],[-120.97886,37.37094],[-120.97826,37.37327],[-120.97672,37.37425],[-120.9737,37.37407],[-120.97312,37.37615],[-120.97612,37.37755],[-120.97853,37.37759],[-120.98111,37.37668],[-120.98234,37.37509],[-120.98437,37.37514],[-120.98532,37.37671],[-120.98556,37.37838],[-120.98368,37.38191],[-120.98313,37.38423],[-120.98196,37.3854],[-120.98307,37.38659],[-120.98463,37.38698],[-120.98848,37.38663],[-120.99296,37.38532],[-120.99342,37.38436],[-120.99453,37.38665],[-120.9942,37.38875],[-120.99201,37.38977],[-120.99005,37.38971],[-120.99124,37.39148],[-120.99021,37.39349],[-120.99006,37.39557],[-120.98872,37.39651],[-120.98396,37.39857],[-120.98376,37.39964],[-120.94062,37.41668],[-120.93673,37.4195],[-120.92223,37.4255],[-120.88582,37.44038],[-120.87041,37.4455],[-120.85352,37.45261],[-120.84906,37.45419],[-120.84105,37.45644],[-120.83086,37.46018],[-120.82316,37.46333],[-120.82287,37.46346],[-120.81557,37.46696],[-120.81525,37.46715],[-120.79953,37.47324],[-120.78491,37.47825],[-120.75778,37.48911],[-120.74833,37.49263],[-120.68159,37.51862],[-120.67603,37.5209],[-120.6273,37.53977],[-120.62264,37.54184],[-120.59907,37.55105],[-120.52521,37.58006],[-120.38767,37.63336],[-120.38761,37.6337],[-120.39582,37.64006],[-120.39674,37.6406],[-120.44145,37.67411],[-120.45094,37.68124],[-120.46282,37.69033],[-120.54188,37.74994],[-120.5476,37.75478],[-120.55864,37.763],[-120.57114,37.77204],[-120.65327,37.83186],[-120.65343,37.83197],[-120.65521,37.83326],[-120.65994,37.83823],[-120.66084,37.83893],[-120.71938,37.8903],[-120.72867,37.89767],[-120.74462,37.91258],[-120.74734,37.91605],[-120.751,37.92072],[-120.75269,37.92333],[-120.76742,37.93612],[-120.77038,37.93881],[-120.77579,37.94304],[-120.78045,37.94773],[-120.784,37.95096],[-120.789,37.95477],[-120.7939,37.95923],[-120.83278,37.99384],[-120.84115,38.00078],[-120.84474,38.00317],[-120.84993,38.00714],[-120.85251,38.00934],[-120.87605,38.02889],[-120.91868,38.07076],[-120.92645,38.07742],[-120.92655,38.07311],[-120.92652,38.01723],[-120.92645,37.98402],[-120.92635,37.98332],[-120.92645,37.94522],[-120.92638,37.94483],[-120.92645,37.92173],[-120.92655,37.92073],[-120.92645,37.91893],[-120.92635,37.88672],[-120.92548,37.85841],[-120.92536,37.85685],[-120.92472,37.83891],[-120.92434,37.82755],[-120.92414,37.8206],[-120.92385,37.8131],[-120.92342,37.8003],[-120.92325,37.79357],[-120.92264,37.75957],[-120.92337,37.75781],[-120.92267,37.75713],[-120.92256,37.75031],[-120.92063,37.74931],[-120.92212,37.7486],[-120.9211,37.74596],[-120.92146,37.74333],[-120.92058,37.73846],[-120.92225,37.73747],[-120.92359,37.73764],[-120.92681,37.73858],[-120.93301,37.7395],[-120.93908,37.74196],[-120.94199,37.74229],[-120.94445,37.74213],[-120.94796,37.74049],[-120.95416,37.73844],[-120.95696,37.74049],[-120.95881,37.74145],[-120.96186,37.74182],[-120.97,37.74648],[-120.97317,37.74795],[-120.97524,37.751],[-120.97723,37.75277],[-120.98065,37.75393],[-120.9816,37.75537],[-120.98164,37.75656],[-120.98631,37.75645],[-120.99199,37.75898],[-120.99276,37.76075],[-120.9957,37.76018],[-120.99894,37.75713],[-120.99786,37.75502],[-121.00306,37.75173],[-121.00433,37.75245],[-121.007,37.75111],[-121.008,37.74909],[-121.01189,37.74973],[-121.01093,37.75118],[-121.01235,37.75402],[-121.01376,37.75429],[-121.01117,37.75575],[-121.01402,37.75652],[-121.01772,37.75528],[-121.01951,37.75208],[-121.0213,37.75008],[-121.02064,37.74842],[-121.02086,37.74775],[-121.02405,37.74666],[-121.02648,37.74177],[-121.02882,37.7407],[-121.03296,37.74287],[-121.03651,37.74301],[-121.03718,37.74253],[-121.03787,37.73916],[-121.03965,37.73955],[-121.04153,37.74167],[-121.04384,37.74153],[-121.043,37.73862],[-121.04399,37.7387],[-121.04525,37.73942],[-121.04636,37.74263],[-121.04883,37.74262],[-121.05033,37.74168],[-121.05181,37.74251],[-121.05175,37.74424],[-121.05071,37.74571],[-121.05334,37.74563],[-121.05335,37.74682],[-121.05204,37.74852],[-121.0543,37.74947],[-121.05548,37.7492],[-121.05621,37.75037],[-121.05706,37.74915],[-121.05994,37.74926],[-121.06144,37.74634],[-121.06489,37.7462],[-121.06313,37.74391],[-121.06694,37.74475],[-121.06742,37.74242],[-121.06655,37.74019],[-121.06699,37.73956],[-121.06885,37.73953],[-121.07096,37.73808],[-121.0724,37.73796],[-121.07508,37.73893],[-121.07643,37.73757],[-121.0794,37.73845],[-121.07985,37.74023],[-121.08183,37.73979],[-121.08255,37.74133],[-121.084,37.74179],[-121.08527,37.74085],[-121.08837,37.74105],[-121.08999,37.7366],[-121.09273,37.73475],[-121.09509,37.7345],[-121.09438,37.73366],[-121.0963,37.73353],[-121.09577,37.73596],[-121.101,37.7377],[-121.09985,37.74019],[-121.10259,37.74128],[-121.10555,37.74002],[-121.10685,37.74013],[-121.10905,37.74203],[-121.11021,37.74204],[-121.11135,37.74003],[-121.10949,37.73445],[-121.10763,37.73228],[-121.10989,37.73038],[-121.11025,37.73013],[-121.11295,37.72767],[-121.11676,37.72649],[-121.11628,37.72466],[-121.1187,37.72361],[-121.12137,37.72447],[-121.12074,37.72234],[-121.12136,37.72192],[-121.12362,37.72282],[-121.12268,37.72412],[-121.12421,37.7242],[-121.12556,37.72262],[-121.12845,37.72423],[-121.13074,37.7223],[-121.13499,37.72305],[-121.13652,37.72468],[-121.13738,37.72414],[-121.138,37.72232],[-121.14156,37.7229],[-121.14276,37.72214],[-121.14188,37.72098],[-121.14544,37.71999],[-121.14611,37.7175],[-121.15105,37.71948],[-121.15391,37.71896],[-121.15456,37.7202],[-121.15585,37.71984],[-121.15712,37.71781],[-121.15609,37.71681],[-121.15883,37.71695],[-121.15913,37.7151],[-121.15777,37.71335],[-121.15839,37.71179],[-121.16083,37.71114],[-121.15935,37.70853],[-121.16212,37.70805],[-121.16141,37.70673],[-121.15875,37.70641],[-121.15922,37.70444],[-121.1634,37.70372],[-121.16567,37.70425],[-121.16682,37.70223],[-121.16574,37.70111],[-121.16368,37.70038],[-121.16624,37.6994],[-121.16892,37.69912],[-121.1763,37.70405],[-121.17655,37.70607],[-121.17845,37.70553],[-121.18016,37.70342],[-121.17886,37.70194],[-121.1768,37.70228],[-121.17591,37.69942],[-121.17694,37.6988],[-121.18177,37.699],[-121.18257,37.69854],[-121.18243,37.69662],[-121.18023,37.69571],[-121.18063,37.69357],[-121.18224,37.69374],[-121.18401,37.69285],[-121.18222,37.6916],[-121.17968,37.69298],[-121.17895,37.69108],[-121.17989,37.69051],[-121.1831,37.68998],[-121.18112,37.68809],[-121.18244,37.6877],[-121.18585,37.68879],[-121.18626,37.68769],[-121.18744,37.68751],[-121.18786,37.69011],[-121.18947,37.68971],[-121.18902,37.6913],[-121.19024,37.69189],[-121.19193,37.69048],[-121.19237,37.69228],[-121.19379,37.69342],[-121.19423,37.69495],[-121.19642,37.69457],[-121.19627,37.69257],[-121.19778,37.6916],[-121.19782,37.69052],[-121.19964,37.69037],[-121.20131,37.69246],[-121.20084,37.69376],[-121.1993,37.69422],[-121.19982,37.69622],[-121.20126,37.69556],[-121.20224,37.69596],[-121.20416,37.69344],[-121.20608,37.6949],[-121.20684,37.69372],[-121.20525,37.69203],[-121.20772,37.68878],[-121.20869,37.6863],[-121.21083,37.68587],[-121.21497,37.6868],[-121.21639,37.68787],[-121.21789,37.68568],[-121.21976,37.68479],[-121.22097,37.68305],[-121.22196,37.68262],[-121.22347,37.68361],[-121.2226,37.68037],[-121.21864,37.67978],[-121.21837,37.67887],[-121.21971,37.67769],[-121.22132,37.67814],[-121.22275,37.67723],[-121.22201,37.67511],[-121.22095,37.67498],[-121.21993,37.67664],[-121.21909,37.67646],[-121.21849,37.67385],[-121.21871,37.67321],[-121.22036,37.67104],[-121.22277,37.66981],[-121.22541,37.66988],[-121.22925,37.66893],[-121.22985,37.66643],[-121.22907,37.66434],[-121.23156,37.66259],[-121.23327,37.66251],[-121.23474,37.6637],[-121.24003,37.66492],[-121.24123,37.66425],[-121.24122,37.66401],[-121.26945,37.6416],[-121.28555,37.62903],[-121.32405,37.59883],[-121.32898,37.59479],[-121.3342,37.59041],[-121.36054,37.57005],[-121.37375,37.55983],[-121.37425,37.55923],[-121.37545,37.55843],[-121.47193,37.48178],[-121.47265,37.48217],[-121.47297,37.48068],[-121.47453,37.47934],[-121.47634,37.48029],[-121.47888,37.47971],[-121.48341,37.47542],[-121.48677,37.47565]]]}},{"type":"Feature","properties":{"NAME":"Tuolumne County","GEOID":"06109","BASENAME":"Tuolumne"},"geometry":{"type":"Polygon","coordinates":[[[-120.65324,37.83282],[-120.65327,37.83186],[-120.57114,37.77204],[-120.55864,37.763],[-120.5476,37.75478],[-120.54188,37.74994],[-120.46282,37.69033],[-120.45094,37.68124],[-120.44145,37.67411],[-120.39674,37.6406],[-120.39582,37.64006],[-120.38761,37.6337],[-120.38694,37.63485],[-120.3855,37.63465],[-120.3831,37.63991],[-120.3827,37.64198],[-120.38107,37.64177],[-120.38109,37.6435],[-120.3792,37.64597],[-120.37777,37.64685],[-120.37642,37.64893],[-120.37687,37.64948],[-120.37514,37.65221],[-120.37602,37.6539],[-120.37988,37.65706],[-120.38186,37.6571],[-120.38435,37.658],[-120.38634,37.66002],[-120.38669,37.66151],[-120.38923,37.66316],[-120.39062,37.66652],[-120.39412,37.66812],[-120.39281,37.66953],[-120.39535,37.67226],[-120.39442,37.67504],[-120.3925,37.67536],[-120.39353,37.67969],[-120.39171,37.67978],[-120.39193,37.68356],[-120.38966,37.68337],[-120.38664,37.68484],[-120.38376,37.68366],[-120.38307,37.68204],[-120.3809,37.68243],[-120.3797,37.68099],[-120.37635,37.682],[-120.37448,37.6803],[-120.36937,37.67963],[-120.36631,37.68079],[-120.36503,37.67705],[-120.36321,37.67612],[-120.3623,37.67478],[-120.36246,37.67282],[-120.35919,37.67378],[-120.35775,37.6751],[-120.35542,37.6755],[-120.35262,37.67456],[-120.34799,37.67123],[-120.34776,37.67018],[-120.34513,37.66782],[-120.34507,37.66571],[-120.34326,37.66313],[-120.33681,37.65926],[-120.33526,37.65896],[-120.33483,37.65746],[-120.33292,37.65577],[-120.33255,37.65332],[-120.32838,37.65004],[-120.32594,37.64897],[-120.32182,37.64986],[-120.31574,37.65307],[-120.31257,37.65367],[-120.30984,37.65598],[-120.31029,37.65865],[-120.31174,37.66014],[-120.31231,37.66295],[-120.30885,37.66406],[-120.30641,37.66576],[-120.3094,37.67005],[-120.31045,37.67313],[-120.31312,37.67536],[-120.31533,37.67882],[-120.31808,37.68235],[-120.31945,37.68643],[-120.32129,37.68773],[-120.32292,37.68781],[-120.32317,37.68942],[-120.326,37.69243],[-120.3278,37.69546],[-120.33021,37.69807],[-120.33022,37.6996],[-120.33196,37.70161],[-120.33201,37.70344],[-120.33322,37.70468],[-120.33316,37.70656],[-120.33809,37.70911],[-120.33823,37.71108],[-120.33991,37.71264],[-120.33958,37.71422],[-120.34056,37.71592],[-120.33981,37.71709],[-120.34315,37.72103],[-120.34247,37.72277],[-120.34544,37.72479],[-120.34521,37.72566],[-120.3428,37.72698],[-120.34096,37.72606],[-120.33829,37.72674],[-120.33557,37.72648],[-120.33531,37.72784],[-120.3338,37.728],[-120.332,37.7295],[-120.3283,37.72825],[-120.32612,37.72607],[-120.32429,37.72663],[-120.32084,37.72616],[-120.31914,37.72867],[-120.31914,37.72978],[-120.31677,37.7312],[-120.31528,37.73387],[-120.31387,37.73424],[-120.30961,37.73425],[-120.30769,37.73561],[-120.3057,37.73423],[-120.30311,37.73457],[-120.2997,37.73375],[-120.29587,37.73339],[-120.29414,37.73212],[-120.29044,37.7313],[-120.28764,37.72946],[-120.28618,37.72978],[-120.28508,37.73262],[-120.2838,37.73364],[-120.28433,37.73591],[-120.28566,37.73677],[-120.28689,37.73899],[-120.28664,37.74027],[-120.28275,37.74376],[-120.28234,37.74531],[-120.27779,37.74093],[-120.27608,37.73897],[-120.27322,37.73784],[-120.27182,37.73796],[-120.26863,37.73702],[-120.2673,37.7361],[-120.26475,37.73597],[-120.26072,37.73356],[-120.25842,37.73558],[-120.26069,37.73738],[-120.26068,37.73961],[-120.26166,37.74089],[-120.2587,37.74269],[-120.25785,37.74399],[-120.25758,37.74666],[-120.25654,37.74844],[-120.2556,37.74854],[-120.25333,37.75073],[-120.25102,37.75092],[-120.24884,37.74964],[-120.2453,37.75054],[-120.2434,37.75117],[-120.23969,37.75349],[-120.23893,37.75595],[-120.24091,37.7585],[-120.23903,37.76122],[-120.23958,37.7634],[-120.23823,37.76526],[-120.236,37.76391],[-120.23376,37.76418],[-120.23066,37.76379],[-120.22936,37.76223],[-120.22702,37.76037],[-120.22616,37.76071],[-120.22412,37.76364],[-120.22287,37.76237],[-120.22039,37.7631],[-120.21688,37.76285],[-120.21616,37.76525],[-120.2142,37.76473],[-120.21262,37.76517],[-120.21056,37.76427],[-120.20956,37.76317],[-120.20665,37.76336],[-120.20473,37.76306],[-120.2026,37.76359],[-120.20138,37.76315],[-120.1981,37.7653],[-120.19843,37.76825],[-120.1981,37.76939],[-120.19347,37.76971],[-120.19294,37.76909],[-120.19086,37.76752],[-120.18898,37.76793],[-120.18706,37.77054],[-120.18696,37.77213],[-120.18486,37.77334],[-120.18353,37.77495],[-120.18626,37.77726],[-120.18658,37.77833],[-120.18869,37.78022],[-120.18547,37.7812],[-120.18558,37.78197],[-120.18357,37.78289],[-120.18229,37.78432],[-120.18227,37.78669],[-120.18058,37.78841],[-120.1806,37.78933],[-120.18202,37.79087],[-120.18296,37.79329],[-120.1823,37.79556],[-120.17837,37.79466],[-120.1771,37.79594],[-120.17581,37.79822],[-120.17409,37.79938],[-120.17305,37.79829],[-120.17354,37.79597],[-120.16935,37.79303],[-120.16947,37.79195],[-120.16595,37.78956],[-120.16362,37.78878],[-120.16181,37.78741],[-120.1587,37.78792],[-120.15678,37.78764],[-120.15406,37.78836],[-120.147,37.78636],[-120.14212,37.78304],[-120.13936,37.78317],[-120.13533,37.78201],[-120.12809,37.78154],[-120.12683,37.78178],[-120.12393,37.7857],[-120.11938,37.78586],[-120.12025,37.7875],[-120.11976,37.78966],[-120.11579,37.79316],[-120.11225,37.79387],[-120.10781,37.79689],[-120.10643,37.79838],[-120.1062,37.79903],[-120.10329,37.80013],[-120.10074,37.80067],[-120.1013,37.80251],[-120.09873,37.80474],[-120.09937,37.80608],[-120.09875,37.80773],[-120.09366,37.80822],[-120.09371,37.80973],[-120.09028,37.81075],[-120.08907,37.81226],[-120.09204,37.81555],[-120.09086,37.81581],[-120.09071,37.81865],[-120.09011,37.82029],[-120.09047,37.82187],[-120.08943,37.82283],[-120.08764,37.82245],[-120.08543,37.82351],[-120.08471,37.82703],[-120.07951,37.82881],[-120.07586,37.82718],[-120.07222,37.82666],[-120.06617,37.82418],[-120.06515,37.8229],[-120.06155,37.82604],[-120.05975,37.82468],[-120.05893,37.82492],[-120.05751,37.82388],[-120.05684,37.82028],[-120.05565,37.81807],[-120.0551,37.81626],[-120.05513,37.81279],[-120.05279,37.81287],[-120.04889,37.8112],[-120.04636,37.8133],[-120.03905,37.81081],[-120.03599,37.80787],[-120.03233,37.81085],[-120.02659,37.81188],[-120.02366,37.81001],[-120.01683,37.80637],[-120.01443,37.80449],[-120.00973,37.80227],[-120.00844,37.80249],[-120.00632,37.8014],[-120.00362,37.79891],[-120.00102,37.79873],[-119.99842,37.79623],[-119.99412,37.79443],[-119.98872,37.79283],[-119.98242,37.78953],[-119.98022,37.78903],[-119.97562,37.78683],[-119.97181,37.78403],[-119.96492,37.78283],[-119.96361,37.78103],[-119.95862,37.77623],[-119.95502,37.77323],[-119.95061,37.77053],[-119.94762,37.77043],[-119.94541,37.76753],[-119.94481,37.76493],[-119.93841,37.76303],[-119.93541,37.76283],[-119.93381,37.76383],[-119.93041,37.76333],[-119.92861,37.76463],[-119.92371,37.76403],[-119.91801,37.76223],[-119.91521,37.76263],[-119.90941,37.75973],[-119.90701,37.75793],[-119.90331,37.75833],[-119.90121,37.75783],[-119.90131,37.75933],[-119.89851,37.76093],[-119.89251,37.76223],[-119.8916,37.76133],[-119.88851,37.76143],[-119.88491,37.76073],[-119.88111,37.76303],[-119.88011,37.76253],[-119.87781,37.76303],[-119.87601,37.76383],[-119.87551,37.76553],[-119.87351,37.76603],[-119.87271,37.76753],[-119.87381,37.77063],[-119.87551,37.77253],[-119.87191,37.77342],[-119.86821,37.77323],[-119.86731,37.77212],[-119.86431,37.77202],[-119.8616,37.76739],[-119.86061,37.76443],[-119.85661,37.76313],[-119.85391,37.76123],[-119.85238,37.7582],[-119.85201,37.75773],[-119.84871,37.75853],[-119.84701,37.76183],[-119.84581,37.76262],[-119.84371,37.76252],[-119.84061,37.76502],[-119.84211,37.76713],[-119.84221,37.76913],[-119.83951,37.77013],[-119.83791,37.77023],[-119.83411,37.76913],[-119.83061,37.76952],[-119.83031,37.76883],[-119.82791,37.76822],[-119.82731,37.76443],[-119.82481,37.76192],[-119.82281,37.76192],[-119.82071,37.75983],[-119.81781,37.75972],[-119.81291,37.75833],[-119.80941,37.75503],[-119.80851,37.75492],[-119.80501,37.75642],[-119.8055,37.75962],[-119.8049,37.76015],[-119.80395,37.75967],[-119.80167,37.76101],[-119.79792,37.76135],[-119.79591,37.76213],[-119.79151,37.76463],[-119.78851,37.76463],[-119.78611,37.76583],[-119.78451,37.76393],[-119.78111,37.76342],[-119.77791,37.76583],[-119.77541,37.76583],[-119.77381,37.76692],[-119.77201,37.76673],[-119.772,37.76893],[-119.76901,37.77113],[-119.76591,37.77033],[-119.76261,37.77033],[-119.76132,37.77192],[-119.75766,37.77279],[-119.7552,37.77213],[-119.75101,37.77332],[-119.74941,37.77572],[-119.74761,37.78142],[-119.74601,37.78292],[-119.74251,37.78412],[-119.73881,37.78452],[-119.73621,37.78692],[-119.73391,37.78792],[-119.72711,37.78692],[-119.72271,37.78762],[-119.72001,37.78922],[-119.71681,37.79172],[-119.71311,37.79312],[-119.70981,37.79352],[-119.7054,37.79232],[-119.7018,37.78982],[-119.69961,37.78912],[-119.6979,37.78962],[-119.6938,37.79472],[-119.6932,37.79692],[-119.6914,37.79952],[-119.6897,37.80022],[-119.687,37.79952],[-119.684,37.79972],[-119.6814,37.80062],[-119.6752,37.80012],[-119.6706,37.80022],[-119.6672,37.80122],[-119.6653,37.80302],[-119.6599,37.80942],[-119.6573,37.81022],[-119.6539,37.81042],[-119.6509,37.82082],[-119.6535,37.82882],[-119.6573,37.83182],[-119.6577,37.83412],[-119.6553,37.83662],[-119.6524,37.83892],[-119.6486,37.84502],[-119.6462,37.84682],[-119.6411,37.84852],[-119.6381,37.84912],[-119.6325,37.84752],[-119.6286,37.84722],[-119.626,37.84815],[-119.62499,37.84771],[-119.62296,37.84847],[-119.62248,37.84957],[-119.62031,37.85116],[-119.61911,37.8532],[-119.61585,37.85414],[-119.61188,37.8542],[-119.61016,37.85317],[-119.60853,37.85534],[-119.60526,37.85766],[-119.60089,37.85922],[-119.59787,37.86097],[-119.59322,37.86563],[-119.59195,37.86612],[-119.58955,37.86965],[-119.58635,37.8723],[-119.58486,37.87492],[-119.5845,37.87622],[-119.5873,37.87872],[-119.5871,37.88182],[-119.5858,37.88472],[-119.5869,37.88782],[-119.5864,37.89012],[-119.5816,37.89372],[-119.5741,37.89562],[-119.5709,37.89742],[-119.5692,37.89952],[-119.5659,37.90172],[-119.563,37.90252],[-119.5586,37.90312],[-119.5567,37.90092],[-119.5411,37.90252],[-119.5357,37.90412],[-119.534,37.90292],[-119.5344,37.89992],[-119.5336,37.89712],[-119.5312,37.89502],[-119.5298,37.89112],[-119.5273,37.88972],[-119.5238,37.88672],[-119.5177,37.88562],[-119.5153,37.88442],[-119.5126,37.88062],[-119.5082,37.87672],[-119.5066,37.87452],[-119.5047,37.86962],[-119.5026,37.86782],[-119.501,37.86717],[-119.4996,37.86762],[-119.4966,37.86502],[-119.4923,37.86312],[-119.4869,37.86492],[-119.4841,37.86442],[-119.4812,37.86082],[-119.47909,37.86062],[-119.4769,37.85962],[-119.4759,37.85742],[-119.4743,37.85562],[-119.4724,37.85822],[-119.47189,37.86062],[-119.4696,37.86352],[-119.46599,37.86462],[-119.46279,37.86842],[-119.45419,37.87072],[-119.45149,37.87102],[-119.44859,37.86852],[-119.44579,37.86942],[-119.44389,37.86922],[-119.44199,37.86752],[-119.44209,37.86392],[-119.44329,37.86112],[-119.44269,37.85982],[-119.43929,37.86022],[-119.43419,37.86512],[-119.42679,37.86672],[-119.42489,37.86552],[-119.42199,37.85772],[-119.42009,37.85722],[-119.41829,37.85572],[-119.41549,37.85462],[-119.41059,37.85502],[-119.40729,37.85492],[-119.40679,37.85232],[-119.40509,37.84822],[-119.40459,37.84253],[-119.40469,37.83722],[-119.40269,37.83522],[-119.40059,37.83473],[-119.39259,37.83792],[-119.38729,37.83762],[-119.38372,37.83647],[-119.3826,37.83706],[-119.38039,37.84021],[-119.37929,37.84095],[-119.37707,37.83968],[-119.37551,37.84087],[-119.37382,37.83969],[-119.37391,37.83522],[-119.3726,37.83288],[-119.35229,37.82633],[-119.35139,37.82553],[-119.35119,37.82383],[-119.35279,37.81753],[-119.35469,37.81513],[-119.35559,37.81243],[-119.35499,37.81183],[-119.34899,37.81083],[-119.34799,37.81013],[-119.34669,37.80633],[-119.34589,37.80563],[-119.34369,37.80613],[-119.33939,37.80553],[-119.33609,37.80313],[-119.33399,37.80033],[-119.33188,37.79923],[-119.32699,37.79943],[-119.32469,37.79773],[-119.32358,37.79553],[-119.32178,37.79403],[-119.31819,37.79363],[-119.31228,37.79413],[-119.31048,37.79253],[-119.31038,37.79053],[-119.31098,37.78753],[-119.31048,37.78563],[-119.30728,37.78283],[-119.30788,37.78123],[-119.31098,37.77973],[-119.31098,37.77843],[-119.309,37.77799],[-119.30828,37.77573],[-119.30488,37.77433],[-119.30068,37.77143],[-119.29788,37.77063],[-119.29338,37.76793],[-119.29408,37.75973],[-119.29123,37.75636],[-119.28908,37.75503],[-119.28958,37.74993],[-119.29068,37.74933],[-119.28918,37.74733],[-119.28838,37.74503],[-119.28208,37.74383],[-119.27778,37.74213],[-119.27178,37.73923],[-119.26898,37.73923],[-119.26418,37.74063],[-119.26118,37.74103],[-119.26055,37.7425],[-119.25798,37.74433],[-119.25588,37.74503],[-119.25468,37.74663],[-119.25458,37.75083],[-119.25568,37.75383],[-119.25498,37.75633],[-119.25298,37.75733],[-119.25018,37.75744],[-119.24728,37.76153],[-119.24488,37.76703],[-119.24308,37.76913],[-119.23968,37.77123],[-119.23658,37.77363],[-119.23078,37.77443],[-119.22988,37.77693],[-119.22708,37.77843],[-119.22128,37.77913],[-119.22028,37.78023],[-119.21848,37.78383],[-119.21698,37.78773],[-119.21528,37.78993],[-119.21278,37.79173],[-119.20438,37.79323],[-119.20328,37.79493],[-119.20268,37.79773],[-119.20178,37.79933],[-119.20128,37.80433],[-119.20328,37.80613],[-119.20368,37.80803],[-119.20498,37.80953],[-119.20498,37.81153],[-119.20768,37.81213],[-119.21158,37.81513],[-119.21398,37.81633],[-119.21688,37.81873],[-119.21538,37.82193],[-119.21328,37.82503],[-119.21228,37.82563],[-119.20758,37.82693],[-119.20518,37.82803],[-119.20398,37.82983],[-119.20548,37.83333],[-119.20588,37.83583],[-119.20687,37.83781],[-119.20688,37.83993],[-119.20228,37.84293],[-119.19818,37.84323],[-119.19618,37.84403],[-119.19838,37.84573],[-119.20178,37.84753],[-119.20728,37.84703],[-119.21048,37.84563],[-119.21328,37.84673],[-119.21548,37.84703],[-119.21688,37.84963],[-119.21598,37.85323],[-119.21338,37.85483],[-119.21258,37.85693],[-119.21348,37.85963],[-119.21398,37.86593],[-119.21448,37.86833],[-119.21408,37.87153],[-119.21328,37.87333],[-119.21038,37.87793],[-119.20908,37.88083],[-119.20638,37.88333],[-119.20358,37.88393],[-119.20078,37.88323],[-119.20008,37.88453],[-119.20078,37.88743],[-119.20138,37.88803],[-119.20648,37.88923],[-119.20778,37.89003],[-119.20838,37.89213],[-119.21068,37.89393],[-119.20968,37.89693],[-119.21078,37.89943],[-119.21598,37.89913],[-119.21748,37.89843],[-119.21988,37.89863],[-119.22208,37.90153],[-119.22378,37.90233],[-119.22408,37.90353],[-119.22668,37.90663],[-119.23198,37.90883],[-119.23448,37.91033],[-119.23978,37.91183],[-119.24168,37.91023],[-119.24308,37.91063],[-119.24698,37.91013],[-119.25068,37.91033],[-119.25511,37.91143],[-119.26388,37.91222],[-119.26559,37.91383],[-119.26509,37.91963],[-119.26409,37.92402],[-119.26399,37.92653],[-119.26619,37.92803],[-119.26779,37.92773],[-119.26949,37.92853],[-119.27079,37.93003],[-119.27699,37.93153],[-119.27889,37.93323],[-119.28059,37.93383],[-119.28789,37.93302],[-119.29099,37.93612],[-119.29389,37.93842],[-119.29589,37.94272],[-119.30039,37.94472],[-119.30279,37.94492],[-119.30839,37.94682],[-119.30969,37.94992],[-119.31309,37.95302],[-119.31389,37.95432],[-119.31489,37.96022],[-119.31459,37.96412],[-119.31529,37.96532],[-119.31789,37.96702],[-119.32199,37.96902],[-119.32259,37.97102],[-119.32055,37.97318],[-119.31859,37.97762],[-119.31679,37.97892],[-119.31469,37.98112],[-119.31429,37.98262],[-119.31499,37.98352],[-119.31709,37.98422],[-119.31839,37.98642],[-119.31779,37.98822],[-119.31469,37.99212],[-119.31249,37.99772],[-119.3099,38.00116],[-119.31058,38.00336],[-119.30929,38.00478],[-119.3089,38.00715],[-119.30703,38.01232],[-119.30869,38.01524],[-119.30815,38.01949],[-119.30459,38.02389],[-119.30516,38.02535],[-119.30721,38.02746],[-119.30755,38.03052],[-119.30906,38.03163],[-119.30971,38.03392],[-119.31395,38.03454],[-119.31062,38.04025],[-119.31045,38.0431],[-119.31119,38.04476],[-119.31249,38.04569],[-119.31424,38.04558],[-119.31635,38.04663],[-119.31672,38.04785],[-119.32025,38.04808],[-119.32264,38.04987],[-119.323,38.05157],[-119.32391,38.056],[-119.32421,38.06094],[-119.32728,38.06385],[-119.32793,38.0657],[-119.33411,38.06524],[-119.33584,38.06628],[-119.33726,38.06815],[-119.33671,38.07039],[-119.33944,38.07309],[-119.34502,38.08065],[-119.34592,38.08311],[-119.3477,38.08382],[-119.34985,38.08557],[-119.35139,38.08462],[-119.35408,38.08457],[-119.3541,38.08329],[-119.35713,38.08298],[-119.35894,38.08408],[-119.36116,38.08637],[-119.36143,38.08829],[-119.36506,38.0902],[-119.3681,38.08982],[-119.36879,38.08872],[-119.37106,38.0886],[-119.37396,38.09093],[-119.37456,38.09352],[-119.37847,38.09362],[-119.38022,38.09255],[-119.38194,38.09531],[-119.38285,38.0977],[-119.3873,38.09785],[-119.38988,38.09913],[-119.39278,38.10183],[-119.39395,38.10436],[-119.39702,38.10682],[-119.40029,38.10559],[-119.40251,38.10555],[-119.41089,38.10769],[-119.4142,38.10769],[-119.41921,38.10669],[-119.42396,38.10744],[-119.42575,38.11172],[-119.42693,38.11249],[-119.42881,38.11556],[-119.43055,38.11627],[-119.43166,38.11523],[-119.43419,38.11],[-119.43562,38.1082],[-119.43741,38.10749],[-119.43776,38.10633],[-119.44023,38.10487],[-119.44156,38.10268],[-119.44157,38.1011],[-119.43999,38.09682],[-119.44047,38.09568],[-119.4443,38.09413],[-119.44588,38.09306],[-119.44726,38.09495],[-119.44833,38.09916],[-119.45075,38.09923],[-119.45296,38.09782],[-119.45438,38.09607],[-119.45578,38.0958],[-119.45981,38.09628],[-119.46369,38.09833],[-119.46469,38.1015],[-119.4645,38.10359],[-119.46228,38.10588],[-119.45912,38.10762],[-119.45776,38.11072],[-119.46208,38.10911],[-119.46675,38.11403],[-119.46832,38.11508],[-119.47187,38.11609],[-119.47284,38.11697],[-119.47278,38.11905],[-119.47086,38.12151],[-119.47078,38.12492],[-119.46946,38.12828],[-119.47331,38.12861],[-119.47694,38.12957],[-119.47908,38.13107],[-119.48177,38.13103],[-119.48293,38.13166],[-119.48852,38.13217],[-119.48899,38.13314],[-119.48851,38.13843],[-119.48913,38.14344],[-119.49012,38.14494],[-119.49354,38.14637],[-119.49697,38.1493],[-119.49727,38.15087],[-119.4958,38.15498],[-119.49713,38.15689],[-119.49935,38.15711],[-119.50183,38.15926],[-119.50448,38.15812],[-119.50555,38.15374],[-119.50761,38.1525],[-119.50629,38.1508],[-119.50581,38.14843],[-119.50533,38.14025],[-119.50649,38.13711],[-119.50966,38.13737],[-119.51553,38.13735],[-119.51668,38.13909],[-119.52087,38.13961],[-119.52552,38.1408],[-119.52671,38.14216],[-119.53116,38.14449],[-119.53808,38.1441],[-119.54189,38.14465],[-119.54555,38.14307],[-119.54741,38.14398],[-119.54795,38.14811],[-119.54557,38.15149],[-119.5455,38.15306],[-119.54695,38.15442],[-119.54834,38.15462],[-119.55222,38.15377],[-119.55793,38.15472],[-119.56426,38.15406],[-119.56602,38.15696],[-119.57176,38.15758],[-119.5765,38.15766],[-119.5779,38.16373],[-119.5796,38.16543],[-119.5792,38.16824],[-119.58014,38.16937],[-119.58135,38.1725],[-119.57904,38.17385],[-119.57837,38.17565],[-119.57974,38.17778],[-119.58358,38.18261],[-119.58656,38.18484],[-119.58939,38.18443],[-119.59142,38.18509],[-119.59361,38.18445],[-119.5955,38.18297],[-119.59842,38.1817],[-119.60565,38.18841],[-119.60835,38.18867],[-119.60993,38.19043],[-119.61277,38.19085],[-119.61771,38.1905],[-119.62089,38.19172],[-119.62496,38.19405],[-119.62794,38.1949],[-119.63094,38.19819],[-119.63267,38.19886],[-119.63093,38.20394],[-119.62635,38.20467],[-119.62544,38.206],[-119.62502,38.2087],[-119.6271,38.2132],[-119.62543,38.21507],[-119.62634,38.21561],[-119.6256,38.21805],[-119.62658,38.21889],[-119.6235,38.2204],[-119.62476,38.2239],[-119.62375,38.22454],[-119.62442,38.22867],[-119.62108,38.22889],[-119.6191,38.22946],[-119.61478,38.23272],[-119.60928,38.23237],[-119.60494,38.23416],[-119.60418,38.23496],[-119.60521,38.23709],[-119.6049,38.2392],[-119.60943,38.24075],[-119.61402,38.2428],[-119.61649,38.24557],[-119.61839,38.24943],[-119.61961,38.24991],[-119.6219,38.25279],[-119.62041,38.25494],[-119.61646,38.25784],[-119.61294,38.25911],[-119.6132,38.26142],[-119.61621,38.26343],[-119.61912,38.26412],[-119.62681,38.26806],[-119.63019,38.2687],[-119.63193,38.27262],[-119.63304,38.27376],[-119.63612,38.27555],[-119.63776,38.27839],[-119.64206,38.27818],[-119.64426,38.27973],[-119.64878,38.28378],[-119.65137,38.28664],[-119.64894,38.28912],[-119.64458,38.29085],[-119.64353,38.29191],[-119.64248,38.29384],[-119.64336,38.29541],[-119.64435,38.2996],[-119.64405,38.30259],[-119.64241,38.30559],[-119.64219,38.30699],[-119.6431,38.30994],[-119.64276,38.31624],[-119.64477,38.31687],[-119.64526,38.31792],[-119.64478,38.32164],[-119.64334,38.32231],[-119.64299,38.32403],[-119.64012,38.32516],[-119.6392,38.32688],[-119.66325,38.34361],[-119.66952,38.34829],[-119.70003,38.36522],[-119.69362,38.3789],[-119.69429,38.38513],[-119.69873,38.40608],[-119.69848,38.40929],[-119.70021,38.41125],[-119.70065,38.41267],[-119.70181,38.41281],[-119.70404,38.41532],[-119.70845,38.41744],[-119.71289,38.41845],[-119.72058,38.4183],[-119.749,38.41699],[-119.75064,38.41739],[-119.75348,38.41676],[-119.7629,38.41177],[-119.76558,38.40938],[-119.77055,38.40666],[-119.77394,38.40637],[-119.77989,38.40771],[-119.78448,38.40487],[-119.79866,38.40212],[-119.80165,38.4014],[-119.80243,38.40021],[-119.80481,38.39862],[-119.81469,38.38752],[-119.81568,38.38714],[-119.83755,38.38241],[-119.85124,38.37491],[-119.85498,38.37248],[-119.86486,38.36907],[-119.86967,38.3676],[-119.8825,38.3593],[-119.88475,38.35619],[-119.88786,38.35796],[-120.01857,38.43235],[-120.01995,38.43352],[-120.02107,38.43183],[-120.02311,38.43087],[-120.02387,38.42932],[-120.02797,38.4264],[-120.02925,38.42505],[-120.02992,38.42468],[-120.03643,38.42462],[-120.0385,38.42597],[-120.04056,38.42593],[-120.04277,38.42298],[-120.04589,38.42229],[-120.0483,38.42063],[-120.04903,38.41937],[-120.05374,38.41921],[-120.05575,38.4186],[-120.05709,38.41711],[-120.05982,38.41716],[-120.06261,38.41652],[-120.06392,38.41494],[-120.06541,38.41476],[-120.0679,38.41549],[-120.06974,38.41348],[-120.07357,38.41358],[-120.07326,38.41202],[-120.07471,38.4114],[-120.0757,38.41209],[-120.07742,38.41067],[-120.08085,38.4101],[-120.08216,38.40846],[-120.08535,38.40592],[-120.08791,38.40338],[-120.09018,38.40375],[-120.09777,38.40288],[-120.09902,38.40153],[-120.10515,38.40087],[-120.10745,38.40117],[-120.1082,38.40206],[-120.11257,38.40078],[-120.11559,38.40119],[-120.12064,38.39948],[-120.12163,38.39948],[-120.12695,38.39639],[-120.12884,38.39575],[-120.13274,38.39683],[-120.13492,38.39653],[-120.13663,38.39486],[-120.13736,38.39317],[-120.14099,38.39401],[-120.14582,38.39163],[-120.14657,38.39037],[-120.14895,38.38887],[-120.15308,38.38694],[-120.15532,38.3869],[-120.15854,38.38529],[-120.16122,38.3809],[-120.16267,38.38093],[-120.16677,38.37976],[-120.17051,38.37591],[-120.17362,38.3755],[-120.17403,38.37363],[-120.17618,38.37401],[-120.17647,38.37125],[-120.17844,38.37022],[-120.18094,38.36809],[-120.18225,38.36614],[-120.18251,38.36374],[-120.18419,38.36086],[-120.1848,38.35882],[-120.18822,38.35759],[-120.18988,38.35596],[-120.19014,38.35276],[-120.19124,38.34985],[-120.1933,38.34937],[-120.19478,38.34635],[-120.19617,38.34459],[-120.19617,38.34285],[-120.19759,38.34216],[-120.19988,38.33923],[-120.20154,38.33464],[-120.20371,38.33255],[-120.20516,38.32965],[-120.20893,38.32674],[-120.21108,38.32456],[-120.21697,38.32145],[-120.22266,38.31982],[-120.22452,38.31819],[-120.22535,38.31579],[-120.22875,38.31439],[-120.23156,38.30746],[-120.23382,38.30643],[-120.23432,38.30439],[-120.23457,38.30364],[-120.23727,38.30155],[-120.23799,38.29842],[-120.23987,38.29579],[-120.24277,38.29318],[-120.24697,38.2902],[-120.24984,38.28869],[-120.25187,38.28702],[-120.25451,38.28677],[-120.25637,38.28575],[-120.25806,38.28323],[-120.26048,38.27806],[-120.26489,38.27425],[-120.266,38.27258],[-120.27018,38.27112],[-120.27101,38.27028],[-120.2719,38.26764],[-120.27379,38.26543],[-120.27399,38.26437],[-120.27243,38.26218],[-120.27243,38.25977],[-120.27356,38.25902],[-120.27591,38.25882],[-120.27734,38.25669],[-120.27972,38.25493],[-120.28219,38.25212],[-120.28422,38.25159],[-120.28614,38.24976],[-120.28655,38.24782],[-120.28922,38.24656],[-120.29036,38.24388],[-120.29057,38.23952],[-120.29025,38.23805],[-120.2906,38.23528],[-120.29124,38.234],[-120.29417,38.23243],[-120.30198,38.22944],[-120.30363,38.22701],[-120.30758,38.22443],[-120.30819,38.22207],[-120.3102,38.21842],[-120.31211,38.21581],[-120.31591,38.2121],[-120.31583,38.21076],[-120.31722,38.20881],[-120.31725,38.20726],[-120.3185,38.20588],[-120.32053,38.20424],[-120.3219,38.20133],[-120.32567,38.19873],[-120.32683,38.1958],[-120.33042,38.19498],[-120.33014,38.19388],[-120.33173,38.19031],[-120.33185,38.1889],[-120.33321,38.188],[-120.33565,38.18793],[-120.33553,38.18496],[-120.33626,38.18439],[-120.33951,38.18391],[-120.33971,38.18311],[-120.33745,38.1805],[-120.33725,38.17805],[-120.33995,38.17819],[-120.34096,38.17483],[-120.34021,38.17293],[-120.34093,38.17163],[-120.34482,38.17012],[-120.34835,38.17071],[-120.3505,38.16982],[-120.35357,38.16378],[-120.35679,38.16298],[-120.36032,38.16035],[-120.36021,38.15953],[-120.35792,38.15809],[-120.35754,38.15388],[-120.36757,38.15281],[-120.36882,38.15223],[-120.37151,38.14992],[-120.37264,38.14663],[-120.3762,38.14265],[-120.37603,38.14192],[-120.37235,38.14114],[-120.37108,38.14018],[-120.3714,38.13787],[-120.37267,38.13675],[-120.3749,38.13601],[-120.37803,38.13556],[-120.3787,38.13391],[-120.37809,38.13208],[-120.37878,38.12977],[-120.38252,38.12757],[-120.38403,38.12565],[-120.38443,38.12362],[-120.38576,38.12094],[-120.38622,38.11824],[-120.38796,38.11524],[-120.39587,38.10989],[-120.40192,38.10783],[-120.40837,38.1039],[-120.41001,38.1024],[-120.41051,38.09993],[-120.40944,38.0952],[-120.4104,38.09243],[-120.4106,38.08788],[-120.4119,38.08602],[-120.41459,38.08396],[-120.41463,38.08191],[-120.41617,38.08064],[-120.41864,38.0806],[-120.42153,38.07875],[-120.42425,38.0757],[-120.42437,38.0732],[-120.42674,38.0727],[-120.43082,38.07339],[-120.43125,38.07284],[-120.43056,38.06971],[-120.43125,38.06051],[-120.43299,38.05953],[-120.43807,38.06089],[-120.44007,38.0606],[-120.44253,38.05874],[-120.44348,38.05572],[-120.44345,38.05166],[-120.44628,38.04778],[-120.44822,38.04652],[-120.45394,38.04135],[-120.45396,38.03821],[-120.45492,38.03753],[-120.45775,38.03155],[-120.46104,38.02784],[-120.46147,38.02691],[-120.46164,38.02338],[-120.46213,38.02237],[-120.46453,38.02109],[-120.46884,38.01965],[-120.46968,38.01645],[-120.46843,38.01434],[-120.46734,38.01359],[-120.46385,38.01336],[-120.4628,38.01193],[-120.46375,38.01039],[-120.46503,38.00959],[-120.46851,38.00965],[-120.47378,38.01244],[-120.47795,38.01176],[-120.48172,38.0124],[-120.48368,38.01211],[-120.48689,38.00947],[-120.48972,38.00938],[-120.49206,38.0112],[-120.49342,38.0107],[-120.49672,38.0082],[-120.49982,38.00794],[-120.50044,38.00663],[-120.50016,38.00412],[-120.49928,37.99993],[-120.49937,37.99619],[-120.49982,37.99544],[-120.50452,37.99114],[-120.50577,37.9909],[-120.50919,37.99151],[-120.51078,37.99339],[-120.51355,37.99561],[-120.51401,37.99663],[-120.50969,37.99816],[-120.50929,37.99993],[-120.51109,38.00258],[-120.51352,38.00405],[-120.51618,38.00413],[-120.51886,38.00222],[-120.5204,37.99836],[-120.52051,37.99635],[-120.52165,37.99516],[-120.52519,37.99367],[-120.52994,37.99254],[-120.53277,37.99216],[-120.53499,37.99094],[-120.53428,37.98944],[-120.52994,37.98624],[-120.52775,37.98394],[-120.52812,37.98224],[-120.53182,37.98067],[-120.53636,37.98017],[-120.54115,37.97848],[-120.54285,37.97725],[-120.54327,37.97572],[-120.54232,37.97454],[-120.53869,37.97445],[-120.53113,37.97631],[-120.52829,37.97589],[-120.52757,37.97454],[-120.52797,37.97244],[-120.52767,37.97091],[-120.52641,37.96929],[-120.52477,37.96824],[-120.5176,37.96531],[-120.51509,37.96215],[-120.51335,37.95794],[-120.51344,37.95644],[-120.51495,37.95339],[-120.51675,37.95197],[-120.52221,37.94992],[-120.5238,37.94905],[-120.52988,37.94603],[-120.53399,37.94506],[-120.53524,37.9444],[-120.5366,37.94192],[-120.53674,37.94004],[-120.53944,37.93739],[-120.54002,37.93581],[-120.53945,37.93326],[-120.53725,37.93011],[-120.53726,37.92751],[-120.53985,37.92444],[-120.54235,37.92045],[-120.54402,37.91999],[-120.54728,37.92168],[-120.55111,37.92168],[-120.55338,37.91973],[-120.55515,37.91683],[-120.55663,37.91591],[-120.56111,37.91472],[-120.5622,37.91407],[-120.56287,37.91244],[-120.56253,37.91053],[-120.56298,37.90726],[-120.56436,37.90305],[-120.56655,37.90116],[-120.56699,37.89973],[-120.56816,37.89756],[-120.57135,37.89444],[-120.57298,37.89413],[-120.58129,37.89602],[-120.5843,37.89601],[-120.58775,37.89498],[-120.58856,37.89354],[-120.59001,37.89198],[-120.59588,37.88888],[-120.59737,37.88597],[-120.59716,37.88495],[-120.5963,37.88336],[-120.60014,37.87963],[-120.6046,37.87637],[-120.60507,37.87612],[-120.60544,37.87541],[-120.60452,37.87381],[-120.60474,37.87324],[-120.60903,37.87272],[-120.61697,37.87005],[-120.62271,37.86747],[-120.6238,37.8662],[-120.62597,37.86507],[-120.62768,37.86331],[-120.63379,37.86061],[-120.63548,37.8579],[-120.63571,37.85586],[-120.63689,37.85475],[-120.63797,37.85238],[-120.63791,37.8499],[-120.63738,37.8487],[-120.63916,37.84673],[-120.64151,37.84603],[-120.64369,37.84406],[-120.64271,37.84225],[-120.64344,37.84048],[-120.64659,37.83828],[-120.64865,37.83756],[-120.65324,37.83282]]]}}]}
